,Номер_в_госреестре,Наименование_СИ,Единица_измерения_СИ,Погрешность_СИ,Наименование_файла_с_описанием
24,46695-11,Системы весоизмерительные многоплатформенные подкладные,,,2011-46695-11.pdf
32,46750-11,"Система автоматизированная информационно-измерительная коммерческого учета электроэнергии (АИИС КУЭ) ООО ""КурскОбувь""",,,2011-46750-11.pdf
196,58208-14,Весы автомобильные,,,2019-58208-14-1.pdf
329,49648-12,Датчики силоизмерительные тензорезисторные с двумя мостами,,,2012-49648-12.pdf
546,57469-14,Счетчики тепловой энергии ультразвуковые,,,2019-57469-14.pdf
616,57163-14,Преобразователи измерительные,,,2019-57163-14.pdf
682,57553-14,"Установки универсальные измерительные для контроля контура, шероховатости и круглости",,,2014-57553-14.pdf
800,58229-14,Твердомеры Роквелла,,,2014-58229-14.pdf
1112,59577-14,"Система автоматизированная информационно-измерительная коммерческого учета электроэнергии АИИС КУЭ ЕНЭС ПС 110 кВ ""Первомайская""",,,2014-59577-14.pdf
1228,47383-11,"Система автоматизированная информационно-измерительная коммерческого учета электроэнергии (АИИС КУЭ) тяговой подстанции ""Медвежья Гора"" Октябрьской ЖД - филиала ОАО ""Российские Железные Дороги"" в границах Республики Карелия",,,2011-47383-11.pdf
1356,47130-11,Дефектоскопы ультразвуковые специализированные,,,2011-47130-11.pdf
1363,47679-11,Хроматографы газовые промышленные,,,2021-47679-11.pdf
1375,47690-11,Тахометры электронные,,,2011-47690-11.pdf
1610,46473-10,"Система автоматизированная информационно-измерительная коммерческого учета электрической энергии АИИС КУЭ - ""ПС 500 кВ Комсомольская""",,,2010-46473-10.pdf
1628,46512-11,Измерители длины материалов,,,2016-46512-11.pdf
1683,46028-10,Датчики весоизмерительные балочные из алюминия,,,2010-46028-10.pdf
1739,45978-10,Трансформаторы напряжения,,,2010-45978-10.pdf
2117,45404-10,Измерители параметров изоляции,,,2010-45404-10.pdf
2288,44533-10,"Система информационно-измерительная автоматизированная замерной установки для определения газового фактора нефтегазодобывающих скважин ""ЗУОГФ""",,,2010-44533-10.pdf
2301,44694-10,"Система автоматизированная информационно-измерительная коммерческого учета электроэнергии (АИИС КУЭ) ООО ""Нефтехим-ЭнергоТрейд""",,,2010-44694-10.pdf
2371,44028-10,Ключи моментные предельные,,,2010-44028-10.pdf
2376,44265-10,Трансформаторы напряжения,,,2010-44265-10.pdf
2425,62890-15,Расходомеры,,,2020-62890-15.pdf
2427,43814-10,Расходомер,,,2010-43814-10.pdf
2471,43982-17,Системы газоаналитические,,,2017-43982-17.pdf
2496,43732-10,Аппаратура геодезическая спутниковая одночастотная КНС ГЛОНАСС/GPS,,,2010-43732-10.pdf
2958,41141-09,Нивелиры высокоточные оптические (с функцией автофокусирования),,,2009-41141-09.pdf
2966,41169-09,Трансформаторы тока,,,2009-41169-09.pdf
3061,40960-09,Счетчики электрической энергии трехфазные статические,,,2009-40960-09.pdf
3080,40421-09,Весы-компаратор,,,2009-40421-09.pdf
3105,40241-08,"Система автоматизированная информационно-измерительная коммерческого учета электроэнергии (АИИС КУЭ) ОАО ""КНАУФ ГИПС Баскунчак""",,,2008-40241-08.pdf
3137,40994-09,Мультиметры цифровые,,,2019-40994-09.pdf
3201,39851-08,Плотномеры газа,,,2018-39851-08.pdf
3302,39798-08,Термометры электронные цифровые,,,2008-39798-08.pdf
3367,38558-09,Станки балансировочные,,,2009-38558-09.pdf
3390,38504-08,"Система информационно-измерительная автоматизированная коммерческого учета электроэнергии ОАО ""Кондровская бумажная компания""",,,2010-38504-08.pdf
3712,64719-16,Манометры показывающие,,,2016-64719-16.pdf
3760,34127-07,pH-метры,,,2018-34127-07.pdf
3803,64718-16,Манометры показывающие,,,2016-64718-16.pdf
3895,71127-18,Резервуар стальной вертикальный цилиндрический,,,2018-71127-18.pdf
3959,14981-10,Спектрометры атомно-абсорбционные,,,2010-14981-10.pdf
4106,54256-13,Колонки топливораздаточные,,,2018-54256-13.pdf
4189,44693-13,"Система автоматизированная информационно-измерительная коммерческого учета электроэнергии (АИИС КУЭ) ОАО ""Газпромнефть-Ноябрьскнефтегаз"" с Изменениями № 1, № 2",,,2018-44693-13.pdf
4257,53313-13,Цилиндры классов точности A и B,,,2018-53313-13.pdf
4282,53637-13,Датчики весоизмерительные тензорезисторные,,,2018-53637-13.pdf
4415,70843-18,Уровнемеры импульсные радарные,,,2018-70843-18.pdf
4461,71099-18,Резервуары стальные вертикальные цилиндрические,,,2018-71099-18.pdf
4509,66485-17,Комплексы поверочные портативные,,,2017-66485-17.pdf
4549,71294-18,Спектрометры оптико-эмиссионные портативные,,,2018-71294-18.pdf
4565,70914-18,"Система автоматизированная информационно-измерительная коммерческого учета электроэнергии ОАО ""Сетевая компания"" КЭС Южного РЭС 2",,,2018-70914-18.pdf
4658,71001-18,Резервуары стальные вертикальные цилиндрические,,,2018-71001-18.pdf
4814,71151-18,"Система измерительная массового расхода и массы бензина газового стабильного (БГС) цеха № 07 ЗБ ОАО ""ТАИФ-НК""",,,2018-71151-18.pdf
4890,71222-18,Твердомеры Бринелля,,,2018-71222-18.pdf
4895,71223-18,Барьеры изолирующие,,,2018-71223-18.pdf
4914,71252-18,Устройства сбора и передачи данных,,,2018-71252-18.pdf
4939,71432-18,Газоанализаторы с открытым оптическим трактом,,,2018-71432-18.pdf
4949,71378-18,Анализаторы общего содержания серы и хлора,,,2018-71378-18.pdf
5012,71339-18,Приборы для измерения артериального давления и частоты пульса,,,2019-71339-18.pdf
5060,71532-18,Комплексы для измерений габаритных размеров,,,2018-71532-18.pdf
5242,71690-18,Блоки регистрации электрических сигналов,,,2018-71690-18.pdf
5690,67549-17,GNSS-приемники спутниковые геодезические многочастотные,,,2017-67549-17.pdf
5792,70444-18,Автоцистерна,,,2018-70444-18.pdf
5861,67163-17,Измерители относительной влажности/температуры,,,2017-67163-17.pdf
5922,67456-17,Комплексы программно-технические мониторинга технологических параметров гидроэлектростанций,,,2017-67456-17.pdf
5977,66360-16,Установки переносные поверочные расходомерные,,,2016-66360-16.pdf
6032,68054-17,Комплекс газоаналитический поверочный,,,2017-68054-17.pdf
6082,65807-16,Система автоматизированная информационно-измерительная коммерческого учета электроэнергии (АИИС КУЭ) ПС 220 кВ Цемент,,,2016-65807-16.pdf
6083,65472-16,"Система автоматизированная информационно-измерительная коммерческого учета электроэнергии АИИС КУЭ ЕНЭС МЭС Волги с использованием элементов АИИС КУЭ №11 ОАО ""Саратовская ГЭС""",,,2016-65472-16.pdf
6113,65805-16,"Система измерительная автоматизированной системы регулирования параметров машины непрерывного литья заготовок № 1 кислородно-конверторного цеха АО ""ЕВРАЗ ЗСМК""",,,2016-65805-16.pdf
6151,64488-16,Комплексы аппаратно-программные,,,2018-64488-16.pdf
6335,63721-16,"Система автоматизированная информационно-измерительная коммерческого учета электроэнергии АИИС КУЭ ЕНЭС ПС 220 кВ ""Т-10""",,,2016-63721-16-1.pdf
6545,60970-15,Установка поверочная средств измерений счетной концентрации легких аэроионов,,,2015-60970-15.pdf
7052,40223-08,Фурье-спектрометры инфракрасные,,,2008-40223-08.pdf
7190,51709-12,Газоанализаторы трассовые,,,2012-51709-12.pdf
7250,20956-13,Мониторы портальные пешеходные,,,2018-20956-13.pdf
7274,54975-13,Весы неавтоматического действия платформенные,,,2018-54975-13.pdf
7295,54261-13,Аппаратура комплексная скважинная дистанционная,,,2018-54261-13.pdf
7305,69629-17,"Система телемеханики и связи ООО ""Тепловая генерация г. Волжского"" (Волжская ТЭЦ-2)",,,2017-69629-17.pdf
7317,33816-07,"Манометры, вакуумметры и мановакуумметры показывающие виброустойчивые",,,2017-33816-07.pdf
7359,69438-17,Автоматизированный измерительно-вычислительный комплекс для измерения отражающей способности материалов,,,2017-69438-17.pdf
7488,70106-17,Трансформаторы тока,,,2017-70106-17.pdf
7512,70199-18,"Система информационно-измерительная ""Автоматизированная система оперативного учета нефти ООО ""Транснефть - Балтика""",,,2018-70199-18.pdf
7517,70200-18,"Система информационно-измерительная ""Автоматизированная система оперативного учета нефти АО ""Транснефть - Дружба""",,,2018-70200-18.pdf
7539,49431-12,Система автоматизированная информационно-измерительная коммерческого учета электрической энергии ПС 500 кВ Осиновка,,,2012-49431-12.pdf
7683,47994-11,Термопреобразователи сопротивления платиновые,,,2011-47994-11.pdf
7833,70357-18,Счетчики холодной и горячей воды турбинные,,,2018-70357-18.pdf
8038,70777-18,Система измерений количества и показателей качества нефти на УСН-4/1 (цех № 1). Возврат нефти с установки,,,2018-70777-18.pdf
8571,72671-18,"Система автоматизированная информационно-измерительная коммерческого учета электроэнергии ОАО ""Сетевая компания"" КЭС ПС 110 кВ Южная",,,2018-72671-18.pdf
8639,60390-15,"Система измерений количества и параметров природного газа в составе узла коммерческого учета газа ""Обустройство Ачимовских отложений Уренгойского месторождения Самбургского лицензионного участка на период ОПЭ""",,,2015-60390-15.pdf
8692,72685-18,Анализаторы-генераторы высокочастотных сигналов модульные,,,2018-72685-18.pdf
8712,72670-18,"Система автоматизированная информационно-измерительная коммерческого учета электроэнергии ОАО ""Сетевая компания"" ЕЭС ПС 110 кВ Сетяково",,,2018-72670-18.pdf
8931,72548-18,Ключи моментные электронные,,,2018-72548-18.pdf
9030,72500-18,Анализаторы телевизионных и радиовещательных сигналов,,,2018-72500-18.pdf
9035,72468-18,Весы автомобильные,,,2019-72468-18.pdf
9048,72485-18,"Система измерений количества и показателей качества нефти № 623 ПСП ""Лопатино"" ООО ""САМАРАТРАНСНЕФТЬ - ТЕРМИНАЛ""",,,2018-72485-18.pdf
9135,72335-18,"Система автоматизированная информационно-измерительная коммерческого учета электроэнергии ООО ""Газпром энерго"" ООО ""Газпром трансгаз Москва"" КС-26 ""Путятинская""",,,2018-72335-18.pdf
9143,72450-18,Резервуары стальные горизонтальные цилиндрические,,,2018-72450-18.pdf
9175,72443-18,Резервуар стальной вертикальный цилиндрический,,,2018-72443-18.pdf
9207,72373-18,Тестеры батарей,,,2018-72373-18.pdf
9211,72280-18,"Система автоматизированная информационно-измерительная коммерческого учета электроэнергии (АИИС КУЭ) КОО ""МИЛЛГРИН ЛИМИТЕД""",,,2018-72280-18.pdf
9251,72242-18,Система оптическая измерительная,,,2018-72242-18.pdf
9306,72229-18,"Система автоматизированная информационно-измерительная коммерческого учета электроэнергии (АИИС КУЭ) ООО ""ЭнергоРесурс"" (ГТП ""Юбилейная"")",,,2018-72229-18.pdf
9321,72200-18,Машины для испытаний материалов универсальные,,,2018-72200-18.pdf
9421,72207-18,"Сигнализаторы метана, совмещенные с головными светильниками",,,2021-72207-18-2.pdf
9480,72148-18,Дефектоскопы ультразвуковые,,,2018-72148-18.pdf
9586,71873-18,Аппаратно-программные комплексы оценки характеристик комплексированной навигационной аппаратуры,,,2018-71873-18.pdf
9729,71795-18,Система автоматизированная информационно-измерительная коммерческого учета электроэнергии АИИС КУЭ ЕНЭС ПС 220 кВ Сорочинская,,,2018-71795-18.pdf
9738,63902-16,"Система измерений количества и параметров природного газа в составе узла коммерческого учета газа ""Обустройство Яро-Яхинского нефтегазоконденсатного месторождения""",,,2016-63902-16.pdf
9753,71788-18,Трансформаторы тока,,,2018-71788-18.pdf
10246,15400-07,Датчики весоизмерительные тензорезисторные,,,2010-15400-07.pdf
10877,43886-10,Весы электронные для взвешивания жидкого металла,,,2010-43886-10.pdf
13103,40963-14,"Система автоматизированная информационно-измерительная коммерческого учета электрической энергии ЗАО ""Саратовское предприятие городских электрических сетей"" (АИИС КУЭ СПГЭС) с Изменениями № 1, № 2",,,2014-40963-14.pdf
13297,41243-09,Генераторы шума,,,2009-41243-09.pdf
13655,42566-14,Сигнализаторы горючих газов и паров термохимические,,,2014-42566-14-1.pdf
13694,42645-09,"Система автоматизированная информационно-измерительная коммерческого учета электроэнергии (АИИС КУЭ) ГУП Владимирской области ""Владимирское карьероуправление""",,,2009-42645-09.pdf
13771,44188-10,Весы товарные,,,2010-44188-10.pdf
14597,70226-18,Хроматографы ионные,,,2018-70226-18.pdf
14649,17289-03,Измерители магнитного поля,,,2018-17289-03.pdf
14844,17364-13,Теплосчетчики,,,2013-17364-13.pdf
14939,17401-98,Измерители напряженности электростатического поля,,,2017-17401-98.pdf
15093,69667-17,Резервуары вертикальные стальные цилиндрические,,,2017-69667-17.pdf
15276,69841-17,Система автоматизированная информационно-измерительная коммерческого учета электроэнергии (АИИС КУЭ) ПС 110 кВ Мангут,,,2017-69841-17.pdf
15625,69357-17,Комплекты мер для поверки приборов,,,2017-69357-17.pdf
15956,26765-04,Генератор нулевого воздуха,,,2009-26765-04.pdf
16120,69022-17,"Счетчики холодной, холодной и горячей воды крыльчатые",,,2017-69022-17.pdf
16377,68433-17,Контроллеры,,,2017-68433-17.pdf
16497,44327-10,"Система автоматизированная информационно-измерительная коммерческого учета электрической энергии и мощности (АИИС КУЭ) ТРЦ ""Оккервиль""",,,2010-44327-10.pdf
16522,12156-12,Дозиметры,,,2012-12156-12.pdf
17079,67756-17,Системы универсальные геодезические железнодорожные,,,2017-67756-17.pdf
17114,67758-17,Устройства измерительные,,,2017-67758-17-1.pdf
17341,67048-17,Комплекс измерительно-вычислительный,,,2017-67048-17.pdf
17913,62062-15,"Система автоматизированная информационно-измерительная коммерческого учета электроэнергии (АИИС КУЭ) тяговой подстанции ""Биргильда"" в границах Челябинской области Южно-Уральской ЖД - филиала ОАО ""Российские железные дороги""",,,2015-62062-15.pdf
18236,60977-15,pH-метры,,,2015-60977-15.pdf
18433,57694-14,Набор мер коэффициентов передачи и отражения,,,2014-57694-14.pdf
18956,18754-12,Газоанализаторы,,,2016-18754-12.pdf
19045,54785-13,Колонки автозаправочные компримированного природного газа,,,2018-54785-13.pdf
19148,54356-13,"Система автоматизированная информационно-измерительная коммерческого учета электроэнергии (АИИС КУЭ) ОАО ""Мосэнерго"" на присоединениях РУ-10 кВ I с.ш. яч. 26/3, II с.ш. яч. 33/1 ГЭС-1",,,2013-54356-13.pdf
19219,18928-99,Измерители частот собственных колебаний,,,2015-18928-99.pdf
19277,21720-11,Омметры,,,2011-21720-11.pdf
19370,8326-04,Преобразователи расхода турбинные,,,2019-08326-04.pdf
19385,53543-13,Анализаторы паров этанола в выдыхаемом воздухе,,,2016-53543-13.pdf
19408,53265-13,Преобразователи измерительные,,,2018-53265-13.pdf
19451,53270-13,"Система измерительная автоматизированной системы управления технологическим процессом гидросбива окалины станов рельсобалочного цеха ОАО ""ЕВРАЗ ЗСМК""",,,2013-53270-13.pdf
19561,52670-13,Меры длины концевые плоскопараллельные,,,2017-52670-13.pdf
19592,52490-13,"Система измерительная автоматизированной системы управления технологическим процессом коксовых батарей № 3 и № 4 ОАО ""Алтай-Кокс""",,,2013-52490-13.pdf
19597,52265-12,Сита лабораторные,,,2017-52265-12.pdf
19626,19341-11,Газоанализаторы,,,2021-19341-11.pdf
19712,51393-12,Трансформаторы напряжения,,,2012-51393-12.pdf
19844,50528-12,Анализаторы цифровых и аналоговых ТВ сигналов,,,2012-50528-12.pdf
19854,19512-10,Системы медицинские диагностические иммунологические,,,2010-19512-10.pdf
19880,50543-12,"Система автоматизированная информационно-измерительная коммерческого учета электроэнергии (АИИС КУЭ) тяговой подстанции ""Вагранская"" Свердловской ЖД - филиала ОАО ""Российские Железные Дороги"" в границах Свердловской области",,,2012-50543-12.pdf
20089,21368-12,Теплосчетчики,,,2012-21368-12.pdf
20104,44540-10,Системы контроля уровня глюкозы в крови,,,2010-44540-10.pdf
20589,60558-15,Термометры биметаллические,,,2015-60558-15.pdf
20640,43637-10,Комплексы измерительные передвижных дорожных лабораторий,,,2015-43637-10.pdf
20657,60302-15,Система управления технологическим оборудованием системы оборотного водоснабжения,,,2015-60302-15.pdf
21254,59668-15,"Система измерений количества и показателей качества нефти на ПСП ""Марковское"" ООО ""ИНК""",,,2015-59668-15.pdf
21284,44695-13,"Система автоматизированная информационно-измерительная коммерческого учета электроэнергии (АИИС КУЭ) ОАО ""Нижнекамскнефтехим"" с Изменениями №№ 1, 2",,,2016-44695-13.pdf
21598,44980-10,Установка поверочная для средств измерений расхода и количества жидкости,,,2010-44980-10.pdf
22063,58571-14,Счетчики статические трехфазные переменного тока активной и реактивной энергии,,,2014-58571-14.pdf
22294,65500-16,Резервуары железобетонные прямоугольные,,,2016-65500-16.pdf
22513,64458-16,"Система автоматизированная информационно-измерительная коммерческого учета электроэнергии ПС 220 кВ Северная в части технологического присоединения электроустановок ОАО ""Тульская региональная корпорация развития государственно-частного партнерства""",,,2016-64458-16.pdf
22557,58511-14,Датчики тока бесконтактные,,,2014-58511-14.pdf
22659,21004-11,Анемометры ручные электронные,,,2016-21004-11.pdf
22731,70422-18,Мерники металлические технические 1-го класса,,,2018-70422-18.pdf
22789,63908-16,Счетчики электрической энергии статические однофазные с выносным индикатором,,,2016-63908-16.pdf
22932,66668-17,Микротвердомеры,,,2017-66668-17.pdf
22964,66703-17,Меры частоты сердечных сокращений,,,2017-66703-17.pdf
23078,67164-17,Вычислители количества теплоты,,,2017-67164-17-1.pdf
23116,66236-16,"Анализатор мощности, фликера и гармоник",,,2016-66236-16.pdf
23279,66074-16,Резервуары вертикальные стальные цилиндрические,,,2016-66074-16.pdf
23456,65442-16,Устройства контроля веса,,,2016-65442-16.pdf
23554,64690-16,Счетчики газа ультразвуковые,,,2018-64690-16.pdf
23559,64541-16,"Индикаторы часового типа с ценой деления 0,01 мм",,,2016-64541-16.pdf
23888,63245-16,"Система автоматизированная информационно-измерительная коммерческого учета электрической энергии (мощности) АИИС КУЭ ОАО ""Татэнергосбыт"" седьмая очередь",,,2016-63245-16.pdf
24144,59914-15,Датчики линейных перемещений,,,2015-59914-15.pdf
24164,60397-15,Преобразователь термоэлектрический с двумя термопарами,,,2015-60397-15.pdf
24196,58183-14,Термопреобразователи сопротивления многоточечные,,,2014-58183-14.pdf
24268,57564-14,Трансформаторы тока,,,2014-57564-14.pdf
24296,57239-14,Масс-спектрометры,,,2014-57239-14.pdf
24554,55585-13,Измерители иммитанса,,,2018-55585-13.pdf
24599,55396-13,Счетчики электрической энергии трехфазные статические,,,2013-55396-13.pdf
24832,52095-12,Тепловизоры инфракрасные,,,2012-52095-12.pdf
24837,52530-13,"Канал измерительный ячейки № 3 ОРУ-220 кВ АИИС КУЭ ПС 500 кВ ""Хехцир""",,,2013-52530-13.pdf
24875,53055-13,Счетчики активной электрической энергии переменного тока статические однофазные многотарифные,,,2013-53055-13.pdf
24883,51970-12,Колонки топливораздаточные,,,2017-51970-12-1.pdf
25003,21884-13,Мосты переменного тока высоковольтные автоматические,,,2013-21884-13.pdf
25117,50554-12,"Система автоматизированная информационно-измерительная коммерческого учета электроэнергии (АИИС КУЭ) тяговой подстанции ""Малый остров"" Свердловской ЖД - филиала ОАО ""Российские Железные Дороги"" в границах Тюменской области",,,2012-50554-12.pdf
25280,49754-12,"Система автоматизированная информационно-измерительная коммерческого учета электроэнергии (АИИС КУЭ) ОАО ""Оборонэнергосбыт"" по Московской области №10 (ГТП в/ч 12556, в/ч 12517, в/ч 17204, в/ч 92154, в/ч 58172)",,,2012-49754-12.pdf
25380,49289-12,"Система автоматизированная информационно-измерительная коммерческого учета электроэнергии (АИИС КУЭ) ООО ""Тавдинский фанерный комбинат""",,,2012-49289-12.pdf
25552,48342-11,"Система автоматизированная информационно-измерительная коммерческого учета электроэнергии (АИИС КУЭ) ОАО ""Фортум"" филиал Тюменская ТЭЦ-1",,,2011-48342-11.pdf
25605,48298-11,"Система автоматизированная информационно-измерительная коммерческого учета электроэнергии (АИИС КУЭ) ЗАО ""КАРТОНТАРА""",,,2011-48298-11.pdf
25701,47884-11,Мультиметры цифровые с системой сбора данных и коммутации,,,2016-47884-11.pdf
25728,47886-11,Нановольтметры/микроомметры,,,2011-47886-11.pdf
26378,22850-11,Дозиметры индивидуальные рентгеновского и гамма-излучений,,,2011-22850-11.pdf
26766,21250-10,Колонки топливораздаточные,,,2010-21250-10.pdf
26877,7008-18,Преобразователи измерительные активной мощности трехфазного тока,,,2018-07008-18.pdf
27117,23377-07,Измерители удельной электрической проводимости вихретоковые,,,2017-23377-07.pdf
27339,23463-07,Расходомеры-счетчики электромагнитные,,,2018-23463-07-2.pdf
27989,1054-08,Меры твердости эталонные,,,2008-01054-08.pdf
28050,10585-11,Блоки детектирования,,,2016-10585-11.pdf
28218,48186-11,Датчики давления,,,2015-48186-11.pdf
28470,24204-03,Комплекты термопреобразователей сопротивления платиновых,,,2017-24204-03.pdf
28747,24410-07,Счетчики ватт-часов активной энергии переменного тока статические,,,2013-24410-07.pdf
28886,24605-13,Установки динамические,,,2021-24605-13-1.pdf
28888,29164-05,Измерители радиопомех,,,2010-29164-05.pdf
29201,43545-10,Полигон пространственный эталонный,,,2010-43545-10.pdf
29619,25347-11,Источники питания постоянного тока,,,2016-25347-11.pdf
29752,13177-07,Анализаторы гипербилирубинемии фотометрические,,,2017-13177-07.pdf
29755,43584-10,Гири,,,2010-43584-10.pdf
30660,26510-09,Трансформаторы тока,,,2015-26510-09.pdf
31056,26910-04,Контроллеры-сборщики микропроцессорные,,,2010-26910-04.pdf
31130,26951-04,Меры напряжения и тока,,,2010-26951-04.pdf
31366,27264-11,Тахометры,,,2016-27264-11.pdf
31450,27361-04,Счетчики скоростные крыльчатые холодной и горячей воды,,,2008-27361-04.pdf
31528,27461-09,Анализаторы гематологические,,,2009-27461-09.pdf
31843,27759-04,Преобразователи многопараметрические измерительные,,,2015-27759-04.pdf
32730,24175-07,Пипетки градуированные,,,2017-24175-07.pdf
33420,29352-05,Расходомеры ультразвуковые,,,2010-29352-05.pdf
33591,3177-11,Термометры ртутные стеклянные отсчетные,,,2016-03177-11.pdf
33695,23230-02,Калориметры бомбовые,,,2012-23230-02.pdf
34028,34048-08,Счетчики активной электрической энергии трехфазные,,,2008-34048-08.pdf
34212,61323-15,Мерники металлические,,,2015-61323-15.pdf
34264,61535-15,Приборы электроизмерительные цифровые,,,2020-61535-15.pdf
34331,48007-11,"Система автоматизированная информационно-измерительная коммерческого учета электрической энергии (АИИС КУЭ) ПС-110 кВ ""Роза - Хутор""",,,2011-48007-11.pdf
34379,62045-15,Твердомеры цифровые,,,2015-62045-15.pdf
34440,28102-10,Весы вагонные электромеханические для взвешивания в движении,,,2010-28102-10.pdf
34728,44745-10,Анализаторы дымовых газов,,,2010-44745-10.pdf
34764,44972-10,Преобразователи термоэлектрические,,,2015-44972-10.pdf
34802,21163-11,"Меры длины концевые плоскопараллельные. Наборы № 8, 9, 22, 23, 24 классов точности 1, 2, 3 с номинальным значением длины до 1000 мм",,,2011-21163-11.pdf
34956,20706-11,Хроматографы жидкостные и ионные аналитические малогабаритные,,,2016-20706-11.pdf
34985,15971-07,Расходомеры вихревые,,,2017-15971-07.pdf
35128,22827-12,Счетчики электрической энергии однофазные электронные,,,2012-22827-12.pdf
35491,34291-07,Системы ввода-вывода распределенные,,,2008-34291-07.pdf
35667,64575-16,Дозаторы весовые дискретного действия,,,2016-64575-16.pdf
35970,52644-13,Термопреобразователи сопротивления платиновые,,,2013-52644-13.pdf
35993,52650-13,Датчики ориентации буя,,,2013-52650-13.pdf
36049,52647-13,Системы измерений параметров автомобильных транспортных средств в движении,,,2020-52647-13.pdf
36144,42983-09,"Система автоматизированная информационно-измерительная коммерческого учета электроэнергии (АИИС КУЭ) ФГУП ""УЭ НЦЧ РАН""",,,2009-42983-09.pdf
36154,46907-11,Расходомеры-счетчики электромагнитные,,,2011-46907-11-1.pdf
36390,47392-11,Система измерительная на базе счетчика-расходомера массового кориолисового ROTAMASS RCCT38 и контроллера измерительного ROC 809,,,2011-47392-11.pdf
36436,47643-15,"Система автоматизированная информационно-измерительная коммерческого учета электроэнергии АИИС КУЭ ОАО ""МЭК"" г.Мытищи с Изменениями № 1, № 2, № 3, № 4",,,2015-47643-15-2.pdf
36442,47760-11,Весы вагонные,,,2011-47760-11-2.pdf
36651,26053-03,Газоанализаторы,,,2013-26053-03.pdf
36732,27925-09,Комплексы программно-технические измерительные,,,2009-27925-09.pdf
36888,48063-11,Тахеометры электронные,,,2016-48063-11.pdf
36994,43874-10,Термометры сопротивления платиновые,,,2010-43874-10.pdf
37470,48959-12,Калибраторы давления,,,2017-48959-12.pdf
37559,48905-12,Измерители магнитной индукции,,,2016-48905-12.pdf
37566,44475-10,Приборы,,,2010-44475-10.pdf
37633,31018-06,Шунты измерительные стационарные взаимозаменяемые,,,2012-31018-06.pdf
37656,49296-12,Счетчики электрической энергии трехфазные,,,2012-49296-12-2.pdf
37681,49342-12,"Система автоматизированная информационно-измерительная коммерческого учета электроэнергии (АИИС КУЭ) ОАО ""Салаватстекло""",,,2021-49342-12.pdf
37828,49611-12,Установки автоматизированные спектрометрические контроля теплоносителя первого контура АЭС,,,2012-49611-12-1.pdf
37872,32525-10,Регистраторы параметров работы тепловоза,,,2010-32525-10.pdf
37936,50024-12,Приборы многофункциональные,,,2017-50024-12.pdf
38412,50713-12,Установки поверочные трубопоршневые двунаправленные,,,2017-50713-12-1.pdf
38452,50665-12,Резервуары горизонтальные цилиндрические двустенные стальные для нефти и нефтепродуктов,,,2012-50665-12.pdf
38524,50804-12,Установки контроля загрязнения рук и ног,,,2012-50804-12.pdf
38720,51385-12,Усилители измерительные,,,2012-51385-12.pdf
38722,51181-12,Комплексы мониторинга линейных деформаций 8-канальные,,,2014-51181-12.pdf
38780,51261-12,Датчики весоизмерительные тензорезисторные,,,2017-51261-12.pdf
38889,33234-06,"Система автоматизированная информационно-измерительная коммерческого учета электроэнергии (АИИС КУЭ) тяговых подстанций ОАО ""Российские Железные Дороги"" в границах ОАО ""Тулэнерго""",,,2010-33234-06.pdf
38936,51560-12,Устройства для воспроизведения параметров катодной защиты,,,2012-51560-12.pdf
39000,51582-12,Стенд аэродинамический,,,2012-51582-12.pdf
39084,51812-12,"Система измерений количества и параметров свободного нефтяного газа с ДНС Лор-Еганского месторождения ОАО ""ТНК-Нижневартовск"" на ООО ""Белозерный газоперерабатывающий комплекс""",,,2012-51812-12.pdf
39198,52075-12,Комплексы программно-аппаратные,,,2012-52075-12-2.pdf
39401,39667-08,Акселерометры пьезоэлектрические,,,2014-39667-08.pdf
39403,23869-02,Анализаторы точки росы,,,2018-23869-02.pdf
39418,38872-08,Термометры стеклянные для испытаний нефтепродуктов,,,2014-38872-08.pdf
39500,52494-13,Стандарты частоты и времени водородные,,,2017-52494-13.pdf
39579,53115-13,Делители напряжения составные,,,2013-53115-13.pdf
39820,53743-13,Тахометры электронные,,,2013-53743-13.pdf
39858,48794-11,Системы измерений длительности соединений,,,2016-48794-11-1.pdf
40102,40758-09,Дозиметры универсальные,,,2014-40758-09.pdf
40174,51254-12,Контроллеры,,,2012-51254-12.pdf
40188,53565-13,Генераторы сигналов произвольной формы,,,2013-53565-13.pdf
40425,52108-12,Спектрометры-радиометры,,,2017-52108-12.pdf
40508,47617-11,"Система автоматизированная информационно-измерительная коммерческого учета электроэнергии ОАО ""Экспериментальная ТЭС""",,,2011-47617-11.pdf
40514,38788-08,Манометры технические тракторные,,,2013-38788-08.pdf
40574,67857-17,Преобразователи уровня буйковые электрические,,,2017-67857-17.pdf
40595,49119-12,Устройства сопряжения,,,2017-49119-12.pdf
40876,54843-14,"Система автоматизированная информационно-измерительная коммерческого учета электроэнергии (АИИС КУЭ) ПС 500/220 кВ ""Пыть-Ях"" с Изменением № 1",,,2014-54843-14.pdf
40994,54908-13,Анализаторы цепей векторные,,,2013-54908-13.pdf
41061,34693-07,Манометры дифференциальные с магнитным поршнем,,,2017-34693-07.pdf
41186,55648-13,Машины испытательные гидравлические,,,2013-55648-13.pdf
41196,55841-13,"Система автоматизированная информационно-измерительная коммерческого учета электроэнергии АИИС КУЭ ЕНЭС ПС 330 кВ ""Новгородская""",,,2013-55841-13.pdf
41220,55853-13,"Система автоматизированная комплексного учета топливно-энергетических ресурсов Северной дирекции по эксплуатации зданий и сооружений - структурного подразделения Северной железной дороги - филиала ОАО ""РЖД""",,,2013-55853-13.pdf
41240,55732-13,"Система автоматизированная информационно-измерительная коммерческого учета электроэнергии (АИИС КУЭ) тяговых подстанций Юго-Восточной ЖД - филиала ОАО ""Российские Железные Дороги"" в границах Белгородской области",,,2013-55732-13.pdf
41689,56018-13,Измерители сопротивления изоляции цифровые,,,2013-56018-13.pdf
42216,44217-10,"Амперметры, вольтметры",,,2015-44217-10.pdf
42602,14055-09,Установки массоизмерительные транспортабельные для нефтяных скважин,,,2014-14055-09.pdf
43074,39123-08,Вольтметры универсальные,,,2008-39123-08.pdf
43133,39835-08,Измерители-регуляторы микропроцессорные,,,2019-39835-08.pdf
43211,40005-08,Приемники временной синхронизации,,,2008-40005-08.pdf
43218,40143-08,Динамометры измерительные,,,2008-40143-08.pdf
43226,40160-08,Калибраторы температуры,,,2008-40160-08.pdf
43278,40543-09,Преобразователи расхода турбинные,,,2009-40543-09.pdf
43567,42834-09,Анализаторы общей серы в нефтепродуктах промышленные,,,2009-42834-09.pdf
43704,19989-10,Приборы для измерения и анализа вибрации многоканальные,,,2015-19989-10.pdf
43840,46168-10,"Система автоматизированная информационно-измерительная коммерческого учета электроэнергии (АИИС КУЭ) ООО ""Газпром энерго"" ООО ""Газпром трансгаз Саратов"" Александрово-Гайское ЛПУ МГ КС-7, ЭСН, ТКУ",,,2010-46168-10.pdf
43977,46824-11,"Система автоматизированная аэрогазового контроля УК ОАО ""Южный Кузбасс"" - ""Шахта ""Ерунаковская-1""",,,2011-46824-11.pdf
44049,47310-11,Делители напряжения составные,,,2011-47310-11.pdf
44079,47510-11,"Система автоматизированная информационно-измерительная коммерческого учета электроэнергии (АИИС КУЭ) присоединений в ячейках распределительных устройств 0,4 - 10 кВ электростанций ОАО ""Мосэнерго"" ГРЭС-3, ТЭЦ-8, ТЭЦ-11, ТЭЦ-12, ТЭЦ-16, ТЭЦ-17, ТЭЦ-20,",,,2011-47510-11.pdf
44100,47496-11,"Система автоматизированная информационно-измерительная коммерческого учета электроэнергии АИИС КУЭ ООО ""Всеволожский завод алюминиевых сплавов""",,,2011-47496-11.pdf
44228,48282-11,Пиргелиометры,,,2016-48282-11.pdf
44238,48482-11,Анализатор газовый,,,2011-48482-11.pdf
44421,49771-12,Влагомеры,,,2017-49771-12.pdf
44441,49702-12,Теплосчетчики,,,2013-49702-12-2.pdf
44559,50541-12,"Система автоматизированная информационно-измерительная коммерческого учета электроэнергии (АИИС КУЭ) тяговой подстанции ""Боровенка"" Октябрьской ЖД - филиала ОАО ""Российские Железные Дороги"" в границах Новгородской области",,,2012-50541-12.pdf
44579,51280-12,Система измерительная автоматизированная диспетчерского контроля и управления АСДКУ ВСВ - расход воды,,,2012-51280-12.pdf
44637,61858-15,Камеры тепловизионные портативные,,,2015-61858-15.pdf
44719,54151-13,Газосигнализаторы,,,2013-54151-13.pdf
44735,52203-12,Контроллеры многофункциональные,,,2012-52203-12.pdf
44825,52905-13,Анализатор электрических цепей,,,2013-52905-13.pdf
44972,53783-13,Меры проволочные,,,2013-53783-13.pdf
45060,54510-13,Счетчики холодной и горячей воды,,,2013-54510-13.pdf
45061,54431-13,"Система автоматизированная информационно-измерительная коммерческого учета электроэнергии (АИИС КУЭ) тяговой подстанции ""Салка"" Свердловской ЖД - филиала ОАО ""Российские Железные Дороги"" в границах Свердловской области",,,2013-54431-13.pdf
45074,55360-13,"Система автоматизированная информационно-измерительная коммерческого учета электрической энергии (мощности) АИИС КУЭ ОАО ""Генерирующая компания"" Казанская ТЭЦ-1",,,2013-55360-13.pdf
45115,54895-13,Машины для испытаний,,,2013-54895-13.pdf
45154,55100-13,Модули автоматизированные вихретокового контроля колесных пар вагонов,,,2013-55100-13-3.pdf
45167,55222-13,Микроанализатор рентгеновский с детектором в составе электронного микроскопа,,,2013-55222-13.pdf
45198,55313-13,Система измерений количества и параметров попутного нефтяного газа узла коммерческого учета попутного нефтяного газа на входе Губкинского ГПЗ (I очередь),,,2013-55313-13.pdf
45199,55403-13,Комплекты антенные измерительные,,,2013-55403-13.pdf
45214,55652-13,"Система автоматизированная информационно-измерительная коммерческого учета электроэнергии (АИИС КУЭ) ОАО ""Удмуртская энергосбытовая компания"" (АИИС КУЭ ОАО ""Удмуртская энергосбытовая компания"")",,,2013-55652-13.pdf
45234,55604-13,Калибраторы многофункциональные,,,2013-55604-13.pdf
45385,56751-14,"Система автоматизированная аэрогазового контроля ОАО ""Шахта ""Антоновская""",,,2014-56751-14.pdf
45561,58211-14,Разветвители метки времени,,,2014-58211-14.pdf
45633,58401-14,Системы индустриальной антисейсмической защиты,,,2014-58401-14.pdf
45660,58501-14,Анализаторы полупроводниковых приборов,,,2016-58501-14-2.pdf
45764,59251-14,"Система автоматизированная информационно-измерительная коммерческого учета электрической энергии и мощности ЗАО ""Доринда"" ""О’КЕЙ ЭКСПРЕСС""",,,2014-59251-14.pdf
45780,59323-14,Установки радиометрические,,,2014-59323-14.pdf
45927,60530-15,"Система автоматизированная информационно-измерительная коммерческого учета электроэнергии АИИС КУЭ ЕНЭС ПС 330 кВ ""Мончегорск""",,,2015-60530-15.pdf
45963,60941-15,Амперметры и вольтметры цифровые,,,2020-60941-15.pdf
45971,60942-15,"Система автоматизированная информационно-измерительная коммерческого учета электроэнергии (АИИС КУЭ) подстанций Октябрьской железной дороги филиала ОАО ""РЖД"" в границах Калининградской области",,,2015-60942-15.pdf
46124,63104-16,Преобразователи уровня измерительные,,,2016-63104-16.pdf
46192,63275-16,Шумомеры,,,2016-63275-16.pdf
46447,65171-16,"Система автоматизированная информационно-измерительная коммерческого учета электроэнергии (АИИС КУЭ) ООО ""НижегородЭнергоТрейд"" (ОАО ""Рикор Электроникс"")",,,2016-65171-16.pdf
46493,65901-16,Система автоматизированная информационно-измерительная коммерческого учета электроэнергии АИИС КУЭ ЕНЭС ПС 220 кВ Волна,,,2020-65901-16.pdf
46590,66120-16,Трансформаторы напряжения,,,2016-66120-16.pdf
46592,62227-15,Система автоматизированная информационно-измерительная коммерческого учета электроэнергии (АИИС КУЭ) ПГУ-410Т г. Салават,,,2020-62227-15.pdf
46818,67470-17,Система автоматизированная информационно-измерительная коммерческого учета электроэнергии (АИИС КУЭ) ПС 220 кВ Сердобск,,,2017-67470-17.pdf
46878,67822-17,Контроллеры программируемые с измерительными каналами,,,2017-67822-17.pdf
46930,68220-17,Анализаторы размеров частиц,,,2017-68220-17.pdf
46995,68930-17,Хроматографы газовые промышленные,,,2017-68930-17.pdf
47117,69795-17,Система автоматизированная информационно-измерительная коммерческого учета электроэнергии (АИИС КУЭ) ПС 220 кВ Прогресс,,,2017-69795-17.pdf
47150,70170-18,"Система автоматизированная информационно-измерительная коммерческого учета электроэнергии (АИИС КУЭ) АО ""ЭК Восток"" по объекту АО ""Облкоммунэнерго"" Артемовский ГО",,,2018-70170-18.pdf
47201,70580-18,"Система измерительная АСУТП коммерческого учета ШФЛУ тит. 074/1 АО ""ТАНЕКО""",,,2018-70580-18.pdf
48251,33517-06,"Система автоматизированная информационно-измерительная коммерческого учета электроэнергии (АИИС КУЭ) тяговых подстанций ОАО ""Российские Железные Дороги"" в границах ОАО ""Ставропольэнерго""",,,2010-33517-06.pdf
48463,35950-07,Магнитометры трехкомпонентные малогабаритные,,,2017-35950-07.pdf
48774,39998-08,Тонометры автоматические,,,2008-39998-08.pdf
48817,40767-09,Термометры сопротивления платиновые,,,2009-40767-09.pdf
48830,40387-14,Комплексы программно-технические технологического мониторинга параметров турбо- и гидрогенераторов,,,2014-40387-14.pdf
48956,41713-09,pH-метр,,,2009-41713-09.pdf
48959,41812-09,Система измерений количества и показателей качества нефти № 811,,,2017-41812-09.pdf
49000,49622-12,"Система автоматизированная информационно-измерительная коммерческого учета электроэнергии (АИИС КУЭ) ПС 220 кВ ""Шмелево"" для энергоснабжения ООО ""Греция""",,,2012-49622-12.pdf
49061,42941-09,Измерители влажности и температуры,,,2020-42941-09.pdf
49083,42977-09,"Система автоматизированная информационно-измерительная коммерческого учета электроэнергии АИИС КУЭ ПС 110/10 кВ № 549 ""ПОРТ""",,,2009-42977-09.pdf
49122,43257-09,Генераторы газовых смесей паров этанола в воздухе,,,2009-43257-09.pdf
49124,43285-09,Наборы эталонов толщины покрытий,,,2020-43285-09.pdf
49229,44143-10,Преобразователи измерительные цифровые частоты переменного тока,,,2015-44143-10.pdf
49346,44954-10,Преобразователи давления,,,2015-44954-10.pdf
49374,45282-10,Автоцистерны,,,2010-45282-10.pdf
49505,46533-11,Машины для испытания на сжатие,,,2014-46533-11.pdf
49583,47010-11,"Преобразователи измерительные напряжения, силы тока и мощности электрических сетей постоянного и переменного тока",,,2011-47010-11.pdf
49654,47800-11,"Система автоматизированная информационно-измерительная коммерческого учета электроэнергии (АИИС КУЭ) тяговых подстанций Куйбышевской ЖД филиала ОАО ""РЖД"" в границах Оренбургской области",,,2011-47800-11.pdf
49662,47801-11,"Система автоматизированная информационно-измерительная коммерческого учета электроэнергии (АИИС КУЭ) тяговых подстанций Куйбышевской ЖД филиала ОАО ""РЖД"" в границах Ульяновской области",,,2011-47801-11.pdf
49732,48169-11,Профилометры интерференционные компьютерные,,,2011-48169-11.pdf
49734,48082-13,"Система автоматизированная информационно-измерительная коммерческого учета электроэнергии ЗАО ""Свинокомплекс Короча"" с Изменением №1",,,2013-48082-13.pdf
49843,48614-11,"Система автоматизированная информационно-измерительная коммерческого учета электроэнергии (АИИС КУЭ) тяговой подстанции ""Муром"" Горьковской ЖД - филиала ОАО ""Российские Железные Дороги"" в границах Владимирской области",,,2011-48614-11.pdf
49881,49006-12,"Система автоматизированная информационно-измерительная коммерческого учета электроэнергии (АИИС КУЭ) тяговой подстанции ""Единовер"" Южно-Уральской ЖД - филиала ОАО ""Российские Железные Дороги"" в границах Челябинской области",,,2012-49006-12.pdf
49892,49010-12,Счетчики электрической энергии трехфазные статические,,,2012-49010-12.pdf
49929,9937-12,Амперметры и вольтметры оптоэлектронные,,,2017-09937-12.pdf
49992,49561-12,Комплексы ультразвукового контроля черновых осей,,,2012-49561-12.pdf
50039,50106-12,Комплект шаблонов для колесных пар,,,2012-50106-12.pdf
50138,51005-12,Преобразователи давления,,,2012-51005-12.pdf
50194,52080-12,Осциллографы цифровые,,,2017-52080-12.pdf
50282,52456-13,Электрокардиографы,,,2013-52456-13.pdf
50297,52459-13,Система информационно-измерительная и управляющая установки переработки газа на Южно-Балыкском ГПК,,,2013-52459-13.pdf
50403,53601-13,Осциллографы цифровые запоминающие,,,2013-53601-13.pdf
50421,53441-13,Преобразователи измерительные,,,2013-53441-13.pdf
50514,54369-13,Трансформаторы напряжения,,,2018-54369-13.pdf
50592,55387-13,Спектрометры атомно-абсорбционные,,,2013-55387-13-2.pdf
50675,56274-14,"Система измерительная Солнечногорской нефтебазы ООО ""ЛУКОЙЛ-Центрнефтепродукт""",,,2014-56274-14.pdf
50764,57130-14,Весы автомобильные электронные для взвешивания в движении,,,2018-57130-14.pdf
50783,57135-14,Анализаторы гемостаза полуавтоматические,,,2014-57135-14.pdf
50798,57330-14,Комплексы измерительно-вычислительные,,,2014-57330-14.pdf
50844,57980-14,Аппаратура геодезическая спутниковая,,,2014-57980-14.pdf
50850,57981-14,"Система информационно-измерительная для определения параметров устойчивости, управляемости, тягово-скоростных и тормозных свойств автомототранспортных средств",,,2014-57981-14.pdf
50898,58144-14,Комплекс измерительно-вычислительный,,,2014-58144-14.pdf
50937,58814-14,Экспресс-анализаторы параметров крови портативные,,,2014-58814-14.pdf
50974,59140-14,"Система автоматизированная информационно-измерительная коммерческого учета электроэнергии (АИИС КУЭ) тяговой подстанции ""Варгаши"" Южно-Уральской ЖД - филиала ОАО ""Российские железные дороги"" в границах Курганской области",,,2014-59140-14.pdf
51011,59595-14,"Система автоматизированная информационно-измерительная коммерческого учета электроэнергии АИИС КУЭ ЕНЭС ПС 500 кВ ""Магистральная""",,,2014-59595-14.pdf
51017,59642-15,Расходомеры электромагнитные,,,2015-59642-15.pdf
51062,59942-15,Газоанализаторы стационарные оптические,,,2019-59942-15.pdf
51107,60509-15,"Система автоматизированная информационно-измерительная коммерческого учета электроэнергии (АИИС КУЭ) ТРК ""Щука""",,,2015-60509-15.pdf
51152,61091-15,Виброанализаторы,,,2018-61091-15.pdf
51239,62915-15,"Система автоматизированная информационно-измерительная коммерческого учета электроэнергии (АИИС КУЭ) ООО ""Нижневартовский ГПК"" в части Тюменской КС",,,2015-62915-15.pdf
51290,63397-16,"Система автоматизированная информационно-измерительная коммерческого учета электроэнергии ОАО ""Сетевая компания"" ПЭС Рыбно-Слободского РЭС 2",,,2016-63397-16.pdf
51345,63940-16,Дозаторы весовые дискретного действия,,,2016-63940-16.pdf
51377,64088-16,Газосигнализаторы автоматические,,,2016-64088-16.pdf
51392,64199-16,Тепловычислители,,,2016-64199-16-2.pdf
51406,64294-16,"Система автоматизированная информационно-измерительная коммерческого учета электрической энергии (АИИС КУЭ) ООО ""Лукойл-Пермь""-II очередь",,,2016-64294-16.pdf
51415,64297-16,Анализаторы спектра,,,2016-64297-16.pdf
51440,64497-16,"Система измерений количества и параметров свободного нефтяного газа ГФУ-1,2 ЦППН УПНГ ООО ""Башнефть-Полюс""",,,2016-64497-16.pdf
51459,64500-16,Контроллеры программно-логические,,,2016-64500-16.pdf
51470,64567-16,Стенды балансировочные,,,2016-64567-16.pdf
51472,64671-16,"Система автоматизированная информационно-измерительная коммерческого учета электроэнергии АИИС КУЭ ЕНЭС ПС 220 кВ ""Усть-Лабинская""",,,2016-64671-16.pdf
51531,65153-16,Резервуар вертикальный стальной с плавающей крышей,,,2016-65153-16.pdf
51547,65270-16,Термометры инфракрасные,,,2016-65270-16.pdf
51560,65283-16,"Система автоматизированная информационно-измерительная коммерческого учета электроэнергии (АИИС КУЭ) ЭС-1 Центральной ТЭЦ филиала ""Невский"" ОАО ""ТГК-1"" (действующие электроустановки)",,,2016-65283-16.pdf
51563,68767-17,Источники питания постоянного тока,,,2017-68767-17.pdf
51633,65873-16,Термоманометры,,,2016-65873-16.pdf
51660,66730-17,"Система автоматизированная информационно-измерительная коммерческого учета электроэнергии (АИИС КУЭ) Ижевской ТЭЦ-1 Филиала ""Удмуртский"" ПАО ""Т Плюс""",,,2017-66730-17.pdf
51737,67363-17,"Система измерений количества и показателей качества нефти № 544 АО ""Самотлорнефтегаз""",,,2017-67363-17.pdf
51745,67373-17,Вычислители количества теплоты,,,2017-67373-17-1.pdf
51782,67706-17,Датчики температуры поверхности,,,2017-67706-17.pdf
51793,67596-17,Спектрометры рентгеновские энергодисперсионные,,,2017-67596-17.pdf
51968,69121-17,Ротаметры,,,2017-69121-17.pdf
51991,69204-17,Контроллеры программируемые логические,,,2017-69204-17.pdf
51994,69466-17,Лаборатории аналитические экологического контроля передвижные,,,2017-69466-17.pdf
52002,69253-17,Система автоматизированная информационно-измерительная коммерческого учета электроэнергии (АИИС КУЭ) ПС 220 кВ Шангалы,,,2017-69253-17.pdf
52024,69813-17,Система автоматизированная информационно-измерительная коммерческого учета электроэнергии (АИИС КУЭ) ПС 220 кВ Оленья,,,2017-69813-17.pdf
52066,69963-17,"Система автоматизированная информационно-измерительная коммерческого учета электроэнергии (АИИС КУЭ) для энергоснабжения ООО ""Овощи Черноземья""",,,2017-69963-17.pdf
52135,70742-18,Шаблоны сварщика универсальные,,,2018-70742-18.pdf
52502,14351-12,Счетчики газа мембранные,,,2017-14351-12.pdf
52613,14447-11,Счетчики трехфазные,,,2016-14447-11.pdf
53104,15492-11,Комплексы для автоматизированной интегральной оценки функционального состояния сердечно-сосудистой системы,,,2016-15492-11-1.pdf
54126,73617-18,"Система автоматизированная информационно-измерительная коммерческого учета электроэнергии (АИИС КУЭ) ООО ""АЭС"" по объектам ООО ""Черкизово-Свиноводство"" - ""Воронежмясопром"" Воронежская обл., ООО ""Черкизово-Свиноводство"" (Липецкая обл.), ООО ""Черкизово-Свиноводство"" - ""Свиноводство"" (Тамбовская обл. (ГТП № 1))",,,2018-73617-18.pdf
54636,75355-19,Расходомеры электромагнитные,,,2019-75355-19.pdf
54742,75300-19,Трансформаторы тока цифровые,,,2019-75300-19.pdf
54797,75225-19,Система автоматизированная информационно-измерительная коммерческого учета электроэнергии АИИС КУЭ ЕНЭС ПС 220 кВ Городская,,,2020-75225-19.pdf
54837,75212-19,Счетчики-расходомеры массовые,,,2019-75212-19.pdf
56803,43629-10,Вакуумметры тепловые,,,2015-43629-10.pdf
57062,55058-13,Уровнемеры радарные,,,2013-55058-13.pdf
57076,47654-11,"Система автоматизированная информационно-измерительная коммерческого учета электроэнергии (АИИС КУЭ) ОАО ""Мосэнерго"" в части ТЭЦ-29 на присоединения ООО ""БИЛД ФАСТ ТЕКНОЛОДЖИ""",,,2011-47654-11.pdf
57155,62557-15,Потенциостаты-гальваностаты,,,2015-62557-15.pdf
57194,71787-18,Трансформаторы тока,,,2018-71787-18.pdf
58408,19243-05,Системы телемеханики и автоматики для учета и управления энергоресурсами,,,2009-19243-05.pdf
58442,19245-00,Комплекты задатчиков давления,,,2010-19245-00.pdf
58590,41078-09,Счетчики газа объемные диафрагменные,,,2009-41078-09.pdf
58977,43827-10,Счетчики активной энергии электромеханические однофазные,,,2010-43827-10.pdf
59134,45036-10,Спектрометры гамма-излучения,,,2010-45036-10.pdf
59184,45508-10,Рефлектометры портативные цифровые,,,2020-45508-10.pdf
59227,201-49,Гири условные,,,2021-00201-49.pdf
59406,46985-11,Демодуляторы телевизионные цифровые измерительные,,,2011-46985-11-2.pdf
59409,47066-11,Система автоматизированная информационно-измерительная коммерческого учета электрической энергии РТП-4 Самарского государственного академического театра оперы и балета,,,2011-47066-11.pdf
59575,47786-11,"Каналы информационно-измерительные системы автоматизированной информационно-измерительной коммерческого учета электрической энергии (мощности) № 1, 2 ОАО ""Волжский трубный завод"" (ИИК № 1, 2 АИИС КУЭ ""ВТЗ"")",,,2011-47786-11.pdf
59617,48037-11,"Система автоматизированная информационно-измерительная коммерческого учета электроэнергии (АИИС КУЭ) ОАО ""АК ""Транснефть"" 2 очередь",,,2011-48037-11.pdf
59688,48786-11,Нефелометры,,,2016-48786-11.pdf
60026,50748-16,"Система автоматизированная информационно-измерительная коммерческого учета электроэнергии (АИИС КУЭ) филиала ""Кольский"" ОАО ""ТГК-1"" каскад Серебрянских ГЭС с Изменением № 1",,,2017-50748-16.pdf
60066,51824-17,Кардиорегистраторы портативные,,,2017-51824-17.pdf
60190,51824-12,Кардиорегистраторы портативные,,,2012-51824-12.pdf
60473,52937-13,"Система автоматизированная информационно-измерительная коммерческого учета электроэнергии (АИИС КУЭ) ООО ""МК ""Володарский""",,,2013-52937-13.pdf
60651,53787-13,"Система автоматизированная информационно-измерительная коммерческого учета электроэнергии (АИИС КУЭ) ОАО ""Мосгорэнерго"" на объекте ЗАО ""ГУМ""",,,2013-53787-13.pdf
60770,53976-13,Трансформаторы напряжения,,,2013-53976-13.pdf
60782,54077-13,"Система автоматизированная информационно-измерительная коммерческого учета электроэнергии (АИИС КУЭ) ЗАО ""Амурский уголь""",,,2013-54077-13.pdf
60796,54096-13,"Система автоматизированная информационно-измерительная коммерческого учета электроэнергии (АИИС КУЭ) тяговой подстанции ""Дуброво"" Западно-Сибирской ЖД - филиала ОАО ""Российские Железные Дороги"" в границах Кемеровской области",,,2013-54096-13.pdf
60806,54263-13,"Система автоматизированная информационно-измерительная коммерческого учета электроэнергии (АИИС КУЭ) ОАО ХК ""Якутуголь""",,,2013-54263-13.pdf
60882,54513-13,Система измерений количества и показателей качества нефтепродуктов мобильная,,,2014-54513-13.pdf
60916,54441-13,"Система автоматизированная информационно-измерительная коммерческого учета электроэнергии (АИИС КУЭ) тяговой подстанции ""Введенское"" Южно-Уральской ЖД - филиала ОАО ""Российские Железные Дороги"" в границах Курганской области",,,2013-54441-13.pdf
60974,54757-13,Меры-имитаторы,,,2018-54757-13.pdf
60985,54734-13,Радиометры-дозиметры,,,2013-54734-13.pdf
61016,54814-13,Штангенрейсмасы,,,2013-54814-13.pdf
61285,55767-13,Профильпроекторы оптические,,,2013-55767-13.pdf
61344,55929-13,Датчики линейных перемещений индуктивных,,,2013-55929-13.pdf
61708,56889-14,"Система автоматизированная информационно-измерительная коммерческого учета электроэнергии (АИИС КУЭ) ПС 220/35/10 кВ ""Сулук"" филиала ОАО ""ФСК ЕЭС"" - МЭС Востока в части дополнительных точек учета",,,2014-56889-14.pdf
61718,56891-14,Анализатор рентгенофлуоресцентный,,,2014-56891-14.pdf
61768,58285-14,Анализаторы жидкости титриметрические,,,2014-58285-14.pdf
61901,61908-15,"Система автоматизированная информационно-измерительная коммерческого учета электроэнергии (АИИС КУЭ) ПС 220 кВ Люторичи, Ввод 110 кВ Т-2",,,2015-61908-15.pdf
62227,58407-14,Твердомеры Виккерса,,,2014-58407-14.pdf
62236,58429-14,"Система автоматизированная информационно-измерительная коммерческого учета электроэнергии (АИИС КУЭ) энергоблоков ПГУ-247,5 ст. № 1, 2, 3 ОАО ""Фортум"" Ордена Ленина Челябинской ГРЭС",,,2014-58429-14.pdf
62752,59390-14,"Система автоматизированная информационно-измерительная коммерческого учета электроэнергии АИИС КУЭ ЕНЭС ПС 220 кВ ""Нефтепровод""",,,2014-59390-14.pdf
62897,47268-11,Контроллеры цифровые,,,2011-47268-11-2.pdf
62974,62001-15,Аппаратура защиты и мониторинга состояния,,,2020-62001-15.pdf
63007,60518-15,Делитель напряжения,,,2015-60518-15.pdf
63048,39753-08,Установки эталонные автоматизированные,,,2008-39753-08.pdf
63138,46648-11,Система измерительная на базе счетчиков-расходомеров массовых Micro Motion модели CMF 200 и комплекса измерительно-вычислительного CENTUM модели CS3000R3,,,2011-46648-11.pdf
63156,61081-15,Станции актинометрические,,,2015-61081-15.pdf
63208,63687-16,Антенны логопериодические,,,2016-63687-16.pdf
63209,67945-17,Анализаторы размеров частиц,,,2017-67945-17.pdf
63589,43157-09,Измеритель перемещений лазерный,,,2009-43157-09.pdf
63731,30939-13,Счетчики однофазные однотарифные активной электроэнергии,,,2018-30939-13.pdf
63815,62088-15,"Система автоматизированная информационно-измерительная коммерческого учета электроэнергии (АИИС КУЭ) тяговой подстанции ""Лесная Волчанка"" Свердловской ЖД - филиала ОАО ""Российские железные дороги"" в границах Свердловской области",,,2015-62088-15.pdf
63822,62080-15,"Система автоматизированная информационно-измерительная коммерческого учета электроэнергии (АИИС КУЭ) тяговой подстанции ""Антропшино"" Октябрьской ЖД - филиала ОАО ""Российские железные дороги"" в границах Ленинградской области",,,2015-62080-15.pdf
64020,46659-11,Клещи электроизмерительные,,,2016-46659-11.pdf
64095,31545-11,Устройства измерительно-управляющие,,,2016-31545-11.pdf
64162,63041-16,Анализаторы хроматографические автоматические,,,2016-63041-16.pdf
64200,63199-16,Пылемеры,,,2016-63199-16.pdf
64262,31721-09,Счетчики активной электрической энергии однофазные,,,2009-31721-09.pdf
64425,31933-06,"Система автоматизированная информационно-измерительная коммерческого учета электроэнергии (АИИС КУЭ) тяговых подстанций ОАО ""Российские Железные Дороги"" в границах ОАО ""Пензаэнерго""",,,2010-31933-06.pdf
64599,64106-16,Имитаторы сигналов спутниковых навигационных систем,,,2016-64106-16.pdf
64625,62936-15,Источники питания постоянного тока линейные,,,2015-62936-15.pdf
64688,67589-17,Анализатор иммуноферментный автоматический,,,2017-67589-17.pdf
64719,64320-16,"Система автоматизированная информационно-измерительная коммерческого учета электроэнергии АИИС КУЭ ЕНЭС ПС 500 кВ ""Хехцир-2""",,,2016-64320-16.pdf
64760,32358-11,Амперметры и вольтметры цифровые щитовые,,,2016-32358-11.pdf
64873,44174-10,Комплексы автоматики и телемеханики многофункциональные программно-технические,,,2014-44174-10.pdf
64975,41175-09,Дозаторы весовые непрерывного действия,,,2009-41175-09.pdf
65005,64914-16,"Система автоматизированная информационно-измерительная коммерческого учета электрической энергии и мощности ФГУП ""Крыловский государственный научный центр"" филиал ""ЦНИИ СЭТ""",,,2016-64914-16.pdf
65268,67091-17,Термопреобразователи сопротивления платиновые,,,2017-67091-17.pdf
65422,65544-16,"Система автоматизированная коммерческого учета тепловой энергии и параметров теплоносителя (АСКУТ) в филиале ОАО ""Генерирующая компания"" Казанская ТЭЦ-1",,,2020-65544-16.pdf
65454,46756-11,Счетчики импульсов - адаптеры периферии с функциями сбора и передачи данных,,,2011-46756-11.pdf
65472,33520-06,"Система автоматизированная информационно-измерительная коммерческого учета электроэнергии (АИИС КУЭ) тяговых подстанций ОАО ""Российские Железные Дороги"" в границах ОАО ""Бурятэнерго""",,,2010-33520-06.pdf
65839,66522-17,"Система автоматизированная информационно-измерительная коммерческого учета электроэнергии (АИИС КУЭ) АО ""Оборонэнергосбыт"" по Московской области (ГТП в/ч 61996 (ПС Ельня))",,,2017-66522-17.pdf
66154,55535-13,Тахеометры электронные,,,2013-55535-13.pdf
66160,60765-15,Анализаторы спектра,,,2015-60765-15.pdf
66162,48576-11,Счетчики электрической энергии однофазные электронные,,,2011-48576-11.pdf
66170,22914-02,Лаборатории поверочные передвижные,,,2012-22914-02.pdf
66171,62454-15,"Система автоматизированная информационно-измерительная коммерческого учета электроэнергии АИИС КУЭ ЕНЭС ПС 220 кВ ""Южно-Балыкский ГПЗ""",,,2015-62454-15.pdf
66282,67734-17,Датчики осадков,,,2017-67734-17.pdf
66284,67735-17,"Система автоматизированная информационно-измерительная коммерческого учета электроэнергии АО ""БКХП""",,,2017-67735-17.pdf
66344,36028-07,Счетчики активной энергии переменного тока статические однофазные,,,2008-36028-07.pdf
66348,57286-14,Масс-спектрометры,,,2014-57286-14.pdf
66784,68345-17,Анализаторы влажности,,,2017-68345-17.pdf
66800,68349-17,Рефлектометры оптические,,,2021-68349-17.pdf
66970,42932-15,Весы автомобильные неавтоматического действия,,,2015-42932-15-2.pdf
67189,70253-18,"Система измерительная расхода и количества пара для КГПТО ОАО ""ТАИФ-НК"" от филиала ОАО ""ТГК-16"" Нижнекамская ТЭЦ (ПТК-1)",,,2018-70253-18.pdf
67201,70320-18,"Система автоматизированная информационно-измерительная коммерческого учета электроэнергии (АИИС КУЭ) ЕНЭС ПС 500 кВ ""Ново-Анжерская"" ВЛ 110 кВ Ново-Анжерская – Троицкая I цепь, ВЛ 110 кВ Ново-Анжерская - Троицкая II цепь",,,2018-70320-18.pdf
67307,70757-18,Измерители статических и динамических параметров микросхем,,,2018-70757-18.pdf
67560,60259-15,Системы ультразвукового контроля,,,2015-60259-15.pdf
67662,70136-18,Резервуары вертикальные стальные цилиндрические,,,2018-70136-18.pdf
68075,44097-10,Модули коррекции времени,,,2020-44097-10.pdf
68217,44282-10,Станки балансировочные,,,2010-44282-10.pdf
68311,61877-15,Теплосчетчики,,,2015-61877-15.pdf
68595,45959-10,Штангенглубиномеры,,,2015-45959-10.pdf
68754,40366-09,Устройство для поверки системы по параметру планшетности,,,2009-40366-09.pdf
68817,46579-11,"Модули для измерения вакуума, модули для измерения вакуума и контроллеры",,,2011-46579-11.pdf
68828,40698-09,"Система автоматизированная информационно-измерительная коммерческого учета электроэнергии ОАО ""Автокран""",,,2009-40698-09.pdf
68939,62682-15,"Система автоматизированная информационно-измерительная коммерческого учета электрической энергии по вводам № 11002 и 21002 ЦРП-10 кВ ООО ""Континентал Калуга""",,,2015-62682-15.pdf
68945,41775-09,Весы электронные,,,2009-41775-09.pdf
69026,69777-17,Система автоматизированная информационно-измерительная коммерческого учета электроэнергии (АИИС КУЭ) ПС 220 кВ Красноленинская,,,2020-69777-17.pdf
69051,70578-18,Трансформаторы тока измерительные,,,2018-70578-18.pdf
69092,41437-09,Аппаратуры телемеханики присоединения,,,2009-41437-09.pdf
69257,41769-09,Нивелиры с компенсатором,,,2015-41769-09.pdf
69317,48026-11,Весы лабораторные,,,2021-48026-11.pdf
69383,41999-09,Весы вагонные,,,2009-41999-09.pdf
69408,52698-13,Анализаторы спектрофотометрические открытого типа,,,2018-52698-13.pdf
69663,43035-09,"Система автоматизированная информационно-измерительная коммерческого учета электрической энергии ПС 220/110/10 кВ ""Снежная"" - АИИС КУЭ ПС 220/110/10 кВ ""Снежная""",,,2009-43035-09.pdf
69826,43422-09,"Система измерений количества нефтяного газа ДНС 2 Среднеугутского месторождения ООО ""РН-Юганскнефтегаз""",,,2009-43422-09.pdf
69922,43616-10,Тахеометры электронные,,,2015-43616-10.pdf
69953,50090-12,Ключи моментные шкальные (динамометрические),,,2012-50090-12.pdf
69984,43696-10,Дозаторы воды дискретного действия тензометрические,,,2010-43696-10.pdf
70051,43999-10,Аппаратура геодезическая спутниковая,,,2010-43999-10.pdf
70160,44722-10,Датчик давления,,,2010-44722-10.pdf
70176,44876-10,Мониторы прикроватные для контроля физиологических параметров всех групп пациентов,,,2010-44876-10.pdf
70247,68136-17,Системы мониторинга распределения температуры волоконно-оптические модульные повышенной дальности,,,2019-68136-17.pdf
70315,44624-10,"Система автоматизированная информационно-измерительная коммерческого учета электрической энергии и мощности АИИС КУЭ мобильной ГТЭС, размещенной на площадке ПС 110 кВ ""ГПП-3"" филиала ОАО ""МРСК Сибири"" - ""Хакасэнерго""",,,2010-44624-10.pdf
70341,45136-10,Комплекс измерительно-вычислительный со стандартным сужающим устройством на базе комплекса измерительно-вычислительного CENTUM мод. CS3000R3,,,2010-45136-10.pdf
70379,45399-10,Системы аэродромные автоматизированные метеорологические,,,2010-45399-10.pdf
70420,45589-10,"Система автоматизированная информационно-измерительная коммерческого учета электрической энергии ПС 220 кВ ""Коноша"" - АИИС КУЭ ПС 220 кВ ""Коноша""",,,2010-45589-10.pdf
70604,53294-13,Установки трубопоршневые поверочные двунаправленные,,,2013-53294-13.pdf
70605,46468-10,"Система автоматизированная информационно-измерительная коммерческого учета электрической энергии АИИС КУЭ - ""ПС 500 кВ Тагил""",,,2010-46468-10.pdf
70641,53179-13,Блоки базовые,,,2018-53179-13.pdf
70959,53984-13,Мера (фотошаблон) для калибровки установки измерений координат,,,2013-53984-13.pdf
70988,54302-13,"Система автоматизированная информационно-измерительная коммерческого учета электроэнергии (АИИС КУЭ) тяговой подстанции ""Ук"" Восточно-Сибирской ЖД - филиала ОАО ""Российские Железные Дороги"" в границах Иркутской области",,,2013-54302-13.pdf
71005,47713-11,Комплексы измерительные многоканальные для диагностики и испытаний подвижного состава,,,2011-47713-11.pdf
71020,54123-13,"Система автоматизированная информационно-измерительная коммерческого учета электроэнергии ОАО ""Томская энергосбытовая компания""",,,2014-54123-13.pdf
71048,54473-13,Измерители давления,,,2013-54473-13.pdf
71061,54541-13,Радиозонды малогабаритные,,,2018-54541-13.pdf
71135,48377-11,Система автоматизированная информационно-измерительная коммерческого учета электроэнергии (мощности) (АИИС КУЭ) ПС 500 кВ Красноармейская,,,2016-48377-11.pdf
71146,48322-11,Резервуар вертикальный стальной цилиндрический,,,2011-48322-11.pdf
71180,54991-13,Радиометр,,,2013-54991-13.pdf
71186,54992-13,Датчики перемещений,,,2013-54992-13.pdf
71202,48358-11,"Система автоматизированная информационно-измерительная коммерческого учета электрической энергии и мощности Всеволожской фабрики ЗАО ""БТК групп""",,,2011-48358-11.pdf
71433,49149-12,Амперметры лабораторные,,,2012-49149-12.pdf
71490,56105-13,Фотометры микропланшетные,,,2014-56105-13.pdf
71637,49897-12,Калориметры газовые поточные,,,2012-49897-12.pdf
71668,56684-14,Весы неавтоматического действия,,,2014-56684-14.pdf
71678,50035-12,Преобразователи виброизмерительные пьезоэлектрические,,,2012-50035-12-2.pdf
71771,57062-14,"Система измерений количества и показателей качества нефти № 532 Филиала ""Газпромнефть-Муравленко"" ОАО ""Газпром нефть-ННГ""",,,2014-57062-14.pdf
72061,51427-12,Микроомметры,,,2017-51427-12.pdf
72366,52538-13,Приборы универсальные измерительные параметров электрической сети,,,2013-52538-13.pdf
72483,52946-13,Комплексы измерительные,,,2018-52946-13.pdf
72543,53105-13,Машины координатно-измерительные мобильные,,,2013-53105-13.pdf
72568,53238-13,"Система автоматизированная информационно-измерительная коммерческого учета электроэнергии (АИИС КУЭ) тяговой подстанции ""Бугач"" Красноярской ЖД - филиала ОАО ""Российские Железные Дороги"" в границах Красноярского края",,,2013-53238-13.pdf
72776,54196-13,"Система автоматизированная информационно-измерительная коммерческого учета электроэнергии (АИИС КУЭ) ОАО ""СУАЛ"" филиал ""ВгАЗ-СУАЛ""",,,2013-54196-13.pdf
72826,54398-13,Дозаторы весовые дискретного действия,,,2013-54398-13.pdf
72831,54429-13,"Система автоматизированная информационно-измерительная коммерческого учета электроэнергии (АИИС КУЭ) тяговой подстанции ""Завидово"" Октябрьской ЖД - филиала ОАО ""Российские Железные Дороги"" в границах Тверской области",,,2013-54429-13.pdf
72925,54706-13,Измерители скорости водного потока,,,2013-54706-13.pdf
72969,54866-13,Трансформаторы тока,,,2013-54866-13.pdf
72993,54937-13,"Каналы измерительные коммерческого учета электроэнергии ""Казанская ТЭЦ-3, КЛ-10 кВ, ЖБИ-1"", ""Казанская ТЭЦ-3, КЛ 10-кВ, ЖБИ-2""",,,2013-54937-13.pdf
73046,61703-15,Измерители артериального давления и частоты пульса автоматические,,,2017-61703-15.pdf
73128,55573-13,"Каналы измерительные системы автоматизированной информационно-измерительной коммерческого учета электроэнергии ПС 220/110/35/10 кВ ""Таксимо""",,,2013-55573-13.pdf
73169,55754-13,"Система автоматизированная информационно-измерительная коммерческого учета электрической энергии ПС 220 кВ ""Люторичи"" - АИИС КУЭ ПС 220 кВ ""Люторичи""",,,2013-55754-13.pdf
73363,56796-14,Весы неавтоматического действия,,,2014-56796-14.pdf
73424,63886-16,Газоанализаторы,,,2016-63886-16.pdf
73433,57380-14,Датчики частоты вращения,,,2014-57380-14.pdf
73548,57788-14,Источники питания постоянного тока,,,2014-57788-14-1.pdf
73555,57858-14,Твердомеры универсальные,,,2014-57858-14.pdf
73601,58002-14,Установки поверочные,,,2014-58002-14.pdf
73638,64138-16,Антенны дипольные активные,,,2016-64138-16.pdf
73676,57891-14,"Система автоматизированная информационно-измерительная коммерческого учета электроэнергии (мощности) ООО ""Уральские локомотивы""",,,2019-57891-14.pdf
73682,57874-14,Приборы для измерений параметров света фар автотранспортных средств,,,2019-57874-14.pdf
73693,64405-16,Измерители крутящего момента силы,,,2016-64405-16.pdf
73702,64470-16,Система измерительная,,,2016-64470-16.pdf
73758,58537-14,"Система автоматизированная информационно-измерительная коммерческого учета электрической энергии (АИИС КУЭ) ПС 220 кВ ""Тамбовская № 4"" для технологического присоединения электроустановок ООО ""Мега профит""",,,2014-58537-14.pdf
74023,65891-16,Установки для измерения напряжения и тока в электрохимических ячейках,,,2016-65891-16.pdf
74027,65913-16,Комплексы измерительные,,,2016-65913-16.pdf
74036,66007-16,"Система измерений количества топливного газа для ПАО ""ВЧНГ""",,,2016-66007-16.pdf
74110,59956-15,Каналы измерительные системы автоматического управления дизель-генераторными установками (САУ ДГ),,,2015-59956-15.pdf
74154,60312-15,Регистраторы температуры и влажности беспроводные,,,2015-60312-15.pdf
74191,60444-15,"Система автоматизированная информационно-измерительная коммерческого учета электроэнергии АИИС КУЭ ЕНЭС ПС 220 кВ ""Северный Возей""",,,2015-60444-15.pdf
74278,67295-17,"Система автоматизированная информационно-измерительная коммерческого учета электрической энергии ОАО ""Пятигорские электрические сети"" (ПС 110/10 кВ ""Бештау"")",,,2018-67295-17.pdf
74436,62388-15,"Система автоматизированная информационно-измерительная коммерческого учета электроэнергии (АИИС КУЭ) ОАО ""Сетевая компания"" ЕЭС Елабужского РЭС 1",,,2015-62388-15.pdf
74550,65406-16,"Система измерительная автоматизированной системы управления технологическим процессом транспортировки и вдувания пылеугольного топлива в доменную печь № 2 доменного цеха АО ""ЕВРАЗ ЗСМК""",,,2016-65406-16.pdf
74552,68160-17,"Система измерений количества нефтепродуктов АНП ЛПДС ""Черкассы""",,,2017-68160-17.pdf
74606,62929-15,Расходомеры-счетчики жидкости ультразвуковые,,,2015-62929-15.pdf
74629,63140-16,"Система автоматизированная информационно-измерительная коммерческого учета электроэнергии АИИС КУЭ ЕНЭС ПС 330 кВ ""Сясь""",,,2016-63140-16.pdf
74768,68927-17,Анализаторы,,,2017-68927-17.pdf
74854,65429-16,"Система автоматизированная информационно-измерительная коммерческого учета электроэнергии (АИИС КУЭ) Государственной компании ""Автодор"" а/д М-4 Московская область",,,2016-65429-16.pdf
74972,69463-17,"Система автоматизированная информационно-измерительная коммерческого учета электроэнергии (АИИС КУЭ) ООО ""РГМЭК"" (ООО ""Завод Технофлекс"")",,,2017-69463-17.pdf
75025,69906-17,Комплекс автоматизированный измерительно-вычислительный,,,2017-69906-17.pdf
75056,64305-16,Дифрактометры рентгеновские,,,2016-64305-16.pdf
75181,64863-16,Газоанализаторы,,,2016-64863-16.pdf
75239,70457-18,"Система автоматизированная информационно-измерительная коммерческого учета электроэнергии (АИИС КУЭ) АО ""Тандер"" (21-я очередь)",,,2021-70457-18.pdf
75272,65385-16,Системы мобильного фото-видеомониторинга и картографирования,,,2016-65385-16.pdf
75365,65578-16,Анализатор электрических цепей низкочастотный,,,2016-65578-16.pdf
75389,65766-16,Калибратор-измеритель напряжения и силы тока,,,2016-65766-16.pdf
75473,66317-16,Резервуары стальные вертикальные цилиндрические,,,2016-66317-16.pdf
75670,68997-17,Сигнализаторы загазованности комбинированные,,,2017-68997-17.pdf
75893,68839-17,Пункты весового и габаритного контроля автоматические,,,2017-68839-17.pdf
75926,69363-17,Газоанализаторы портативные,,,2017-69363-17.pdf
75944,69406-17,Комплекс измерительно-вычислительный,,,2017-69406-17.pdf
76002,69732-17,Рабочий эталон единиц длины и ослабления в световоде,,,2017-69732-17.pdf
76175,70677-18,Система измерений количества и показателей качества нефти на УПН-1 (цех № 2). Возврат нефти с установки,,,2018-70677-18.pdf
76354,63089-16,Установки трубопоршневые,,,2016-63089-16.pdf
77304,44719-10,Счетчики электрической энергии однофазные статические,,,2010-44719-10.pdf
77356,45899-10,"Комплексы многофункциональные компьютеризированные для исследования ЭЭГ, ЭМГ и ВП",,,2015-45899-10.pdf
77799,69241-17,Система автоматизированная информационно-измерительная коммерческого учета электроэнергии (АИИС КУЭ) ПС 220 кВ Борок,,,2017-69241-17.pdf
77875,47107-11,Источники питания постоянного тока,,,2011-47107-11.pdf
77928,53258-13,Весы неавтоматического действия,,,2013-53258-13.pdf
77998,57015-14,Система измерений количества и показателей качества нефти № 414 Саратовское РНУ Основная схема учета,,,2014-57015-14.pdf
78027,60549-15,Измерители-анализаторы параметров трехфазной электрической сети,,,2020-60549-15.pdf
78039,56927-14,Термостат с флюидизированной средой,,,2014-56927-14.pdf
78057,38452-08,Вибропреобразователи эталонные пьезоэлектрические,,,2018-38452-08.pdf
78071,57709-14,"Штангенциркули торговой марки ""Калиброн""",,,2014-57709-14.pdf
78204,46993-11,Набор оптических мер,,,2011-46993-11.pdf
78237,47320-11,"Система автоматизированная информационно-измерительная коммерческого учета электроэнергии (АИИС КУЭ) энергоблока № 4 ПГУ-450 Южной ТЭЦ-22 филиала ""Невский"" ОАО ""ТГК-1""",,,2011-47320-11.pdf
78279,56254-14,"Система автоматизированная информационно-измерительная коммерческого учета электроэнергии (АИИС КУЭ) филиал ОАО ""Пивоваренная компания ""Балтика""- ""Балтика -Новосибирск"" учет в РП-1 10 кВ""",,,2014-56254-14.pdf
78320,54297-13,"Система автоматизированная информационно-измерительная коммерческого учета электроэнергии (АИИС КУЭ) тяговой подстанции ""Перевал"" Восточно-Сибирской ЖД - филиала ОАО ""Российские Железные Дороги"" в границах Республики Бурятия",,,2013-54297-13.pdf
78368,55309-13,Трансформаторы напряжения эталонные,,,2013-55309-13.pdf
78786,34993-07,Линии автоматизированные измерений и сортировки пружин рессорного комплекта грузовых вагонов,,,2017-34993-07-1.pdf
81573,74292-19,"Система автоматизированная информационно-измерительная коммерческого учета электроэнергии (АИИС КУЭ) филиала ПАО ""ОГК-2"" - Сургутская ГРЭС-1 (АИИС КУЭ Сургутской ГРЭС-1)",,,2019-74292-19.pdf
81809,56559-14,Источники излучения в виде моделей черного тела,,,2019-56559-14.pdf
81819,51250-12,"Система автоматизированная информационно-измерительная коммерческого учета электроэнергии и мощности АИИС КУЭ ОАО ""Мосгорэнерго"" на объекте ОАО ""Автокран""",,,2012-51250-12.pdf
81915,74507-19,Измерители сопротивления изоляции,,,2019-74507-19.pdf
81996,74485-19,Трансформаторы напряжения,,,2019-74485-19.pdf
82038,76321-19,Комплекс измерительно-вычислительный,,,2019-76321-19.pdf
82040,76320-19,Счетчики газа,,,2019-76320-19.pdf
82123,40099-08,Излучатели в виде модели абсолютно черного тела,,,2019-40099-08.pdf
82574,74886-19,Источники питания постоянного тока импульсные,,,2021-74886-19.pdf
82715,74732-19,Ферритометры,,,2021-74732-19(1).pdf
82832,74542-19,Резервуары стальные вертикальные цилиндрические,,,2019-74542-19.pdf
82975,74136-19,Контроллеры программируемые логические,,,2019-74136-19.pdf
83084,73790-19,"Система автоматизированная информационно-измерительная коммерческого учета электроэнергии (АИИС КУЭ) филиала Верхнетагильская ГРЭС АО ""Интер РАО - Электрогенерация""",,,2019-73790-19.pdf
83357,61827-15,Измерители комбинированные,,,2020-61827-15.pdf
83508,75708-19,Установки поверочные,,,2019-75708-19.pdf
83570,75621-19,Резервуар стальной вертикальный цилиндрический,,,2019-75621-19.pdf
83643,75557-19,Расходомеры,,,2019-75557-19.pdf
83648,75556-19,Система измерительная волоконно-оптическая,,,2019-75556-19.pdf
83675,75520-19,Устройства сбора и передачи данных,,,2019-75520-19.pdf
83688,75515-19,Машины испытательные гидравлические,,,2019-75515-19.pdf
83724,75464-19,"Система автоматизированная информационно-измерительная коммерческого учета электроэнергии (АИИС КУЭ) ПАО ""Ставропольэнергосбыт""",,,2019-75464-19.pdf
83730,75463-19,Система автоматизированная информационно-измерительная коммерческого учета электроэнергии АИИС КУЭ ЕНЭС ПС 220 кВ Звездная,,,2019-75463-19.pdf
83736,75458-19,Система автоматизированная информационно-измерительная коммерческого учета электроэнергии АИИС КУЭ ЕНЭС ПС 220 кВ Лондоко,,,2019-75458-19.pdf
83838,40592-09,Термометры сопротивления,,,2019-40592-09.pdf
83965,72617-18,Резервуары стальные вертикальные цилиндрические,,,2018-72617-18.pdf
83970,68828-17,Термопреобразователь сопротивления платиновый,,,2017-68828-17.pdf
83976,56623-14,Контроллеры программируемые логические,,,2014-56623-14.pdf
84112,68013-17,"Система автоматизированная информационно-измерительная коммерческого учета электроэнергии и мощности ПС 220 кВ ""Тутаев"" для технологического присоединения Ярославской ТЭС (ПГУ-470 МВт) для нужд ПАО ""ФСК ЕЭС"" - МЭС Центра",,,2017-68013-17.pdf
84254,77142-19,Резервуары стальные горизонтальные цилиндрические,,,2019-77142-19.pdf
84307,77025-19,Счетчики активной и реактивной электрической энергии трехфазные многофункциональные,,,2019-77025-19.pdf
84309,77032-19,"Система автоматизированная информационно-измерительная коммерческого учета электроэнергии (АИИС КУЭ) ООО ""АРСТЭМ-ЭнергоТрейд"" (ООО ""Монди Арамиль"")",,,2019-77032-19.pdf
84474,76803-19,Комплекты светофильтров,,,2019-76803-19.pdf
84543,66459-17,Счетчики электрической энергии однофазные индукционные,,,2017-66459-17.pdf
84551,72363-18,Контроллеры многофункциональные,,,2018-72363-18.pdf
84609,64125-16,Система автоматизированная информационно-измерительная,,,2016-64125-16.pdf
84734,75764-19,Резервуар стальной горизонтальный цилиндрический,,,2019-75764-19.pdf
84775,75737-19,Система автоматизированная информационно-измерительная коммерческого учета электроэнергии (АИИС КУЭ) ПС 220 кВ НПС-6,,,2019-75737-19.pdf
84797,71810-18,"Манометры, манометры сигнализирующие, вакуумметры, мановакуумметры, мановакуумметры сигнализирующие",,,2019-71810-18-6.pdf
84875,59656-15,Анализаторы жидкости,,,2019-59656-15.pdf
84914,63519-16,Комплексы измерительные,,,2016-63519-16-1.pdf
84938,53917-13,Блоки согласующие,,,2018-53917-13.pdf
84957,57801-14,"Система автоматизированная информационно-измерительная коммерческого учета электрической энергии (мощности) АИИС КУЭ ОАО ""Генерирующая компания"" Казанская ТЭЦ-2 Третья очередь",,,2014-57801-14.pdf
85056,44377-10,Термоанемометры,,,2020-44377-10-2.pdf
85082,38752-08,Измерители параметров трансформаторов,,,2018-38752-08-1.pdf
85128,35695-07,Микроскопы инструментальные,,,2017-35695-07.pdf
85254,10713-05,Автоколлиматоры,,,2015-10713-05.pdf
85375,75974-19,Приборы щитовые цифровые электроизмерительные,,,2019-75974-19.pdf
85390,76302-19,Трансформаторы тока,,,2019-76302-19.pdf
85401,76267-19,Газоанализаторы,,,2019-76267-19.pdf
85479,76211-19,"Система измерений количества и показателей качества нефти № 626 на ПСП ""Ухта""",,,2020-76211-19.pdf
85584,76079-19,"Система автоматизированная информационно-измерительная коммерческого учета электроэнергии (АИИС КУЭ) ""Энергосистема"" (""Парфинский фанерный комбинат"")",,,2019-76079-19.pdf
85628,76116-19,Установки поверочные средств измерений напряженности и индукции магнитного поля промышленной частоты,,,2019-76116-19.pdf
85832,57390-14,Преобразователи напряжения измерительные модульные для индуктивных датчиков перемещения,,,2014-57390-14.pdf
85867,42507-09,Анализаторы цифро-аналоговые,,,2009-42507-09.pdf
85981,65376-16,Система измерений количества и показателей качества нефти № 1507 ПСП Пякяхинского месторождения,,,2019-65376-16.pdf
86115,77307-20,Счетчики электрической энергии однофазные многофункциональные,,,2021-77307-20.pdf
86122,77238-20,Меры сопротивлений петли короткого замыкания многозначные,,,2020-77238-20.pdf
86132,77236-20,Калибраторы универсальные,,,2020-77236-20.pdf
86158,77296-20,Генераторы сигналов произвольной формы,,,2020-77296-20.pdf
86173,77293-20,"Кольца торговой марки ""КАЛИБР""",,,2020-77293-20.pdf
86413,78494-20,Резервуары стальные вертикальные цилиндрические,,,2020-78494-20.pdf
86415,78501-20,Глубиномеры индикаторные специальные,,,2020-78501-20.pdf
86447,78456-20,Резервуары вертикальные стальные цилиндрические,,,2020-78456-20.pdf
86490,78416-20,Резервуар стальной вертикальный цилиндрический теплоизолированный,,,2020-78416-20.pdf
86784,79089-20,Тахографы цифровые,,,2020-79089-20.pdf
86856,79026-20,Проекторы измерительные,,,2020-79026-20.pdf
86872,78988-20,"Система автоматизированная информационно-измерительная коммерческого учета электрической энергии (АИИС КУЭ) ООО ""Газпром энергосбыт Брянск"" (АО ""Тюменский Бройлер"")",,,2020-78988-20.pdf
86890,78993-20,Анализатор фотометрический,,,2020-78993-20.pdf
86914,78953-20,Частотомеры электронно-счетные,,,2020-78953-20.pdf
86948,78909-20,Полуприцепы-цистерны,,,2020-78909-20.pdf
86957,78924-20,"Система автоматизированная информационно-измерительная коммерческого учета электроэнергии (АИИС КУЭ) ТПП ""ЛУКОЙЛ-Усинскнефтегаз"" ООО ""ЛУКОЙЛ-Коми""",,,2020-78924-20.pdf
87067,26843-20,Электроды стеклянные лабораторные,,,2020-26843-20.pdf
87081,11665-20,Кислородомеры,,,2020-11665-20.pdf
87120,58932-14,"Система автоматизированная информационно-измерительная коммерческого учета электроэнергии (АИИС КУЭ) тяговой подстанции ""Ноябрьская"" Свердловской ЖД - филиала ОАО ""Российские железные дороги"" в границах Тюменской области",,,2014-58932-14.pdf
87214,78796-20,Система автоматизированная информационно-измерительная коммерческого учета электроэнергии (АИИС КУЭ) ПС 110 кВ Южная,,,2020-78796-20.pdf
87241,78729-20,Газоанализатор,,,2020-78729-20.pdf
87305,78254-20,Резервуары вертикальные стальные цилиндрические,,,2020-78254-20.pdf
87335,78248-20,Резервуары вертикальные стальные цилиндрические,,,2020-78248-20.pdf
87466,61871-15,Анализаторы биохимические автоматические ветеринарные,,,2015-61871-15.pdf
87474,61862-15,Теплосчетчики,,,2015-61862-15.pdf
87520,61911-15,Корректоры газа потоковые,,,2020-61911-15-1.pdf
87569,61501-15,Датчики силоизмерительные тензорезисторные,,,2015-61501-15.pdf
87611,61248-15,"Радиометры альфа-, бета-излучения",,,2015-61248-15.pdf
87689,45800-10,Термопреобразователи сопротивления платиновые,,,2020-45800-10.pdf
87802,18157-15,Приборы эталонные,,,2015-18157-15.pdf
87816,43521-09,Уровнемеры ультразвуковые,,,2009-43521-09.pdf
87837,20530-00,Бюретки к комплектам оборудования для газовых анализов,,,2020-20530-00.pdf
87873,78902-20,Трансформаторы тока,,,2020-78902-20.pdf
87902,58705-14,Рупоры измерительные широкополосные,,,2014-58705-14.pdf
87933,11433-09,Манометры дифференциальные сильфонные самопишущие и показывающие,,,2016-11433-09.pdf
87954,79651-20,"Система автоматизированная информационно-измерительная коммерческого учета электроэнергии (АИИС КУЭ) ПАО ""Транснефть"" в части АО ""Транснефть-Сибирь"" по Тобольскому УМН",,,2020-79651-20.pdf
87993,79600-20,Датчики температуры дорожного покрытия,,,2020-79600-20.pdf
88051,79791-20,Система автоматизированная информационно-измерительная коммерческого учета электроэнергии АИИС КУЭ ЕНЭС ПС 220 кВ Элиста-Северная,,,2020-79791-20.pdf
88066,79634-20,Пробник напряжения,,,2020-79634-20.pdf
88310,58367-14,Датчики весоизмерительные тензорезисторные,,,2019-58367-14.pdf
88354,80344-20,Счетчики холодной и горячей воды крыльчатые ,,,2020-80344-20.pdf
88442,80248-20,Осциллографы цифровые ,,,2020-80248-20.pdf
88624,79856-20,Анализаторы влажности весовые,,,2020-79856-20.pdf
88725,80696-20,Трансформаторы тока ,,,2020-80696-20.pdf
88815,80666-20,"Системы автоматизированные информационно-измерительные коммерческого учета электрической энергии и мощности ""Лартех СмартГрид""",,,2020-80666-20.pdf
88828,80641-20,Акселерометры ,,,2021-80641-20.pdf
88858,80482-20,Тахеометры электронные ,,,2020-80482-20.pdf
88914,78890-20,Хромато-масс-спектрометры жидкостные,,,2020-78890-20.pdf
88938,79475-20,"Система автоматизированная информационно-измерительная коммерческого учета электроэнергии (АИИС КУЭ) ПАО ""Транснефть"" на объекте ЦОД пос. Развилка",,,2020-79475-20.pdf
88973,79545-20,Резервуары стальные вертикальные цилиндрические ,,,2020-79545-20.pdf
88980,79522-20,"Система автоматизированная информационно-измерительная коммерческого учета электроэнергии ООО ""Маяк-Энергосервис""",,,2020-79522-20.pdf
88984,79562-20,Меры электрического сопротивления многозначные,,,2020-79562-20.pdf
89000,79426-20,Расходомеры-счётчики жидкости и газа,,,2020-79426-20.pdf
89049,62516-15,Анализаторы топлив,,,2019-62516-15.pdf
89075,80034-20,Датчики силоизмерительные тензорезисторные,,,2020-80034-20.pdf
89078,79348-20,Весы неавтоматического действия,,,2021-79348-20.pdf
89137,79703-20,Резервуары стальные вертикальные цилиндрические,,,2020-79703-20.pdf
89253,77027-19,Машины для испытания конструкционных материалов на кручение,,,2019-77027-19.pdf
89313,80541-20,Системы измерения скорости движения транспортных средств ,,,2020-80541-20.pdf
89328,80533-20,Трансформаторы напряжения ,,,2020-80533-20.pdf
89425,80918-21,Приборы аналоговые щитовые,,,2021-80918-21.pdf
89557,42793-09,Измерители-регуляторы многофункциональные,,,2019-42793-09.pdf
89562,42736-09,Клещи токовые,,,2019-42736-09.pdf
89591,59435-14,Счетчики-расходомеры электромагнитные,,,2019-59435-14-2.pdf
89629,80942-21,"Система автоматизированная информационно-измерительная коммерческого учета электроэнергии (АИИС КУЭ) АО ""Спасскцемент""",,,2021-80942-21.pdf
89634,59297-14,Комплекты аппаратуры для измерения средней объемной активности радона в воздухе трековым методом,,,2019-59297-14.pdf
89637,59280-14,Сейсмодатчики,,,2019-59280-14.pdf
89693,76759-19,Амперметры и вольтметры щитовые,,,2019-76759-19.pdf
89790,76658-19,Индикаторы часового типа,,,2019-76658-19.pdf
89811,76577-19,Резервуар стальной вертикальный цилиндрический,,,2019-76577-19.pdf
89834,76569-19,"Система измерений количества и показателей качества нефтепродукта для погрузки в резервуары (танки) речных наливных судов Волжского причала ПАО ""Саратовский НПЗ"" (СИКНП Б)",,,2019-76569-19.pdf
89864,76564-19,Счетчики газа диафрагменные,,,2019-76564-19.pdf
89875,76512-19,Резервуар вертикальный стальной цилиндрический,,,2019-76512-19.pdf
89904,76534-19,Модули аналоговые,,,2019-76534-19.pdf
89932,76479-19,Измерители иммитанса,,,2019-76479-19.pdf
89979,57102-19,Трансформаторы тока,,,2019-57102-19.pdf
89993,51035-12,Хроматографы жидкостные,,,2019-51035-12.pdf
90056,81239-21,Бюретки цифровые,,,2021-81239-21.pdf
90068,81222-21,Реометры,,,2021-81222-21.pdf
90106,81162-21,Резервуары стальные вертикальные цилиндрические,,,2021-81162-21.pdf
90140,78392-20,"Система измерительная массового расхода и массы фракции C6-C8 с емкости H-FA-201 в цех № 2106 (на компрессию) ПАО ""Нижнекамскнефтехим"" (позиция H-FI-210)",,,2020-78392-20.pdf
90158,78560-20,Система измерений количества и показателей качества нефти № 32,,,2020-78560-20.pdf
90415,81112-20,Преобразователи температуры SITRANS,,,2020-81112-20.pdf
90635,80821-20,Резервуар стальной горизонтальный цилиндрический ,,,2020-80821-20.pdf
90646,81141-20,Преобразователи давления измерительные РТХ1010,,,2020-81141-20.pdf
90727,82188-21,Барьеры безопасности серии,,,2021-82188-21.pdf
91022,63868-16,Калибраторы-измерители переносные,,,2021-63868-16.pdf
91388,81214-21,"Система автоматизированная информационно-измерительная коммерческого учета электроэнергии (АИИС КУЭ) ООО ""ИЗОВОЛ АГРО""",,,2021-81214-21.pdf
91412,29684-05,Комплексы привязки универсальные,,,2021-29684-05.PDF
91441,69578-17,Термометры технические жидкостные,,,2021-69578-17.pdf
91509,81295-21,"Система автоматизированная информационно-измерительная коммерческого учета электроэнергии (АИИС КУЭ) АО ""Мосводоканал""",,,2021-81295-21.pdf
91564,81364-21,Счётчики электрической энергии статические,,,2021-81364-21.pdf
91586,81478-21,Резервуары стальные вертикальные цилиндрические теплоизолированные,,,2021-81478-21.pdf
91592,81477-21,Резервуары горизонтальные стальные,,,2021-81477-21.pdf
91618,82037-21,Резервуары стальные горизонтальные цилиндрические,,,2021-82037-21.pdf
91726,81452-21,"Система автоматизированная информационно-измерительная коммерческого учета электроэнергии подстанции 750/500/110/10 кВ ""Белый Раст"" в части присоединений энергопринимающих устройств ООО ""Вертикаль"" и ООО ""Строительство Коммуникации Сервис""",,,2021-81452-21.pdf
91733,81465-21,Трансформаторы тока,,,2021-81465-21.pdf
91824,79346-20,Расходомеры массовые,,,2020-79346-20.pdf
91842,49173-12,Аппаратура геодезическая спутниковая,,,2012-49173-12.pdf
91866,82301-21,Счетчики жидкости,,,2021-82301-21.pdf
91873,82299-21,Установка поверочная для счетчиков газа,,,2021-82299-21.pdf
91969,81654-21,Система автоматизированная информационно-измерительная коммерческого учета электроэнергии АИИС КУЭ ЕНЭС ПС 330 кВ Парнас,,,2021-81654-21.pdf
91981,81608-21,"Система автоматизированная информационно-измерительная коммерческого учета электрической энергии ООО ""Симбирская энергосбытовая компания"" №24",,,2021-81608-21.pdf
92010,81543-21,"Система автоматизированная информационно-измерительная коммерческого учета электроэнергии (АИИС КУЭ) ЕНЭС ПС 220 кВ ""Сызрань""",,,2021-81543-21.pdf
92034,81647-21,Машины видеоизмерительные,,,2021-81647-21.pdf
92077,81719-21,"Система автоматизированная информационно-измерительная коммерческого учета электроэнергии (АИИС КУЭ) ЗАО ""Сибирский Электро-Металлургический Завод"" в части сальдо-перетоков электроэнергии",,,2021-81719-21.pdf
92079,48255-11,Весы вагонные тензометрические,,,2021-48255-11-1.pdf
92099,81700-21,"Система автоматизированная информационно-измерительная коммерческого учета электроэнергии (АИИС КУЭ) ООО ""Белая птица - Белгород"" ПС Крейда",,,2021-81700-21.pdf
92177,81734-21,Полуприцеп-цистерна,,,2021-81734-21.pdf
92183,81733-21,Системы томографические координатно-измерительные,,,2021-81733-21.pdf
92215,64188-16,Индикаторы,,,2016-64188-16.pdf
92233,82219-21,"Система автоматизированная информационно-измерительная коммерческого учета электроэнергии (АИИС КУЭ) ООО ""Химпром""",,,2021-82219-21.pdf
92284,78379-20,"Система автоматизированная информационно-измерительная коммерческого учета электроэнергии (АИИС КУЭ) АО ""НЭСК"" для ГТП ""Туапсе"" вторая очередь",,,2020-78379-20.pdf
92309,78339-20,Спектрометры рентгенофлуоресцентные,,,2020-78339-20.pdf
92339,78320-20,Резервуары вертикальные стальные цилиндрические,,,2020-78320-20.pdf
92366,77950-20,"Система автоматизированная информационно-измерительная коммерческого учета электроэнергии ООО ""Газпром энерго"" ООО ""Газпром трансгаз Югорск"" Ивдельское ЛПУ МГ",,,2020-77950-20.pdf
92392,76774-19,"Система автоматизированная информационно-измерительная коммерческого учета электроэнергии (АИИС КУЭ) тяговой подстанции ""Алферово"" Октябрьской ЖД - филиала ОАО ""Российские железные дороги"" в границах Московской области",,,2019-76774-19.pdf
92407,61104-15,Термометры биметаллические,,,2020-61104-15.pdf
92433,20438-20,Системы высокого напряжения измерительные,,,2020-20438-20.pdf
92445,65629-16,Датчики угловых перемещений,,,2016-65629-16.pdf
92511,28858-11,Контроллеры многофункциональные,,,2016-28858-11.pdf
92519,82335-21,"Система измерений количества и показателей качества нефти № 297 ООО ""ЮКОЛА-нефть""",,,2021-82335-21.pdf
92521,65230-16,Модули измерительные,,,2016-65230-16.pdf
92604,81903-21,Система измерений количества и показателей качества нефти № 73,,,2021-81903-21.pdf
92652,81881-21,Трансформаторы напряжения,,,2021-81881-21.pdf
92667,81899-21,Адгезиметры гидравлические,,,2021-81899-21.pdf
92691,81820-21,Анализаторы спектра,,,2021-81820-21.pdf
92692,81866-21,Преобразователи напряжения измерительные цифровые,,,2021-81866-21.pdf
92933,82704-21,Резервуар стальной горизонтальный цилиндрический,,,2021-82704-21.pdf
92944,82711-21,Гистерезисграф автоматический,,,2021-82711-21.pdf
93087,82991-21,Системы измерений температуры беспроводные,,,2021-82991-21.pdf
93199,83333-21,Стенды тормозные силовые,,,2021-83333-21.pdf
94106,83556-21,"Система автоматизированная информационно-измерительная коммерческого учета электроэнергии (АИИС КУЭ) ООО ""Пивоваренная компания ""Балтика"" - филиал ""Пивзавод ""Ярпиво""",,,2021-83556-21.pdf
94480,45192-10,Комплекты измерительные,,,2010-45192-10.pdf
94481,45186-10,Дозаторы объемные поршневые,,,2015-45186-10-1.pdf
94494,82442-21,"Система автоматизированная информационно-измерительная коммерческого учета электрической энергии (АИИС КУЭ) ООО ""Энергопрогноз"" по объектам АО ""Тамбовские коммунальные системы""",,,2021-82442-21.pdf
94706,82502-21,Измерители сопротивления изоляции кабельные,,,2021-82502-21.pdf
94805,82584-21,Резервуары стальные вертикальные цилиндрические теплоизолированные,,,2021-82584-21.pdf
95051,82567-21,Комплекс эталонный формирования и измерения радионавигационных параметров,,,2021-82567-21.pdf
95125,59946-15,GNSS-приемники спутниковые геодезические многочастотные,,,2019-59946-15.pdf
95149,65433-16,Комплексы фотоэлектронные измерительные,,,2016-65433-16.pdf
95208,51972-12,Система измерений количества и параметров свободного нефтяного газа Орехово-Ермаковского месторождения,,,2012-51972-12.pdf
95211,56344-14,Аспираторы для отбора проб воздуха,,,2019-56344-14.pdf
95257,78370-20,Трансформаторы напряжения,,,2020-78370-20.pdf
95322,76882-19,Комплексы стационарные многоцелевые автоматической фотофиксации нарушений,,,2019-76882-19.pdf
95439,32475-11,Термометры биметаллические,,,2016-32475-11.pdf
95490,77457-20,Резервуары стальные горизонтальные цилиндрические,,,2020-77457-20.pdf
95522,77391-20,Анализаторы зерна и зернопродуктов,,,2020-77391-20.pdf
95531,77407-20,Резервуар стальной горизонтальный цилиндрический,,,2020-77407-20.pdf
95545,77447-20,"Система автоматизированная информационно-измерительная коммерческого учета электрической энергии ООО ""РосЕвроДеволпмент-Уфа""",,,2020-77447-20.pdf
95555,77395-20,Измерители перемещений (деформаций) оптические бесконтактные,,,2020-77395-20.pdf
95588,77377-20,Резервуар стальной горизонтальный цилиндрический,,,2020-77377-20.pdf
95593,77330-20,Дефектоскопы ультразвуковые,,,2020-77330-20.pdf
95645,55437-13,Преобразователи линейных перемещений,,,2018-55437-13.pdf
95731,44121-10,Сигнализаторы загазованности природным газом,,,2020-44121-10.pdf
95751,28712-10,Приборы одноканальные панельные,,,2020-28712-10-1.pdf
95760,77709-20,Трансформаторы тока,,,2020-77709-20.pdf
95773,77687-20,Система автоматизированная информационно-измерительная коммерческого учета электроэнергии (АИИС КУЭ) ПС №47 Периклазового завода,,,2020-77687-20.pdf
95813,77661-20,Преобразователи термоэлектрические поверхностные,,,2020-77661-20.pdf
95843,77628-20,"Система автоматизированная информационно-измерительная коммерческого учета электроэнергии (АИИС КУЭ) СЭС ""Кабанская""",,,2020-77628-20.pdf
95900,77555-20,Резервуар стальной вертикальный цилиндрический с понтоном,,,2020-77555-20.pdf
95912,77550-20,Резервуар стальной вертикальный цилиндрический,,,2020-77550-20.pdf
96077,68878-17,Хромато-масс-спектрометры жидкостные тандемные,,,2017-68878-17.pdf
96288,77770-20,Дефектоскопы ультразвуковые,,,2020-77770-20.pdf
96350,65698-16,"Система автоматизированная информационно-измерительная коммерческого учета электроэнергии АИИС КУЭ ЕНЭС МЭС Востока с использованием элементов АИИС КУЭ тяговых подстанций Забайкальской ЖД - филиала ОАО ""Российские железные дороги"" в границах Амурской области",,,2016-65698-16.pdf
96364,77860-20,Термопреобразователи сопротивления,,,2020-77860-20.pdf
96407,77742-20,Дефектоскопы вихретоковые специализированные,,,2020-77742-20.pdf
96442,60470-15,ГНСС-приемники спутниковые геодезические многочастотные,,,2020-60470-15.pdf
96452,77731-20,Устройства весоизмерительные автоматические,,,2020-77731-20.pdf
96466,43185-09,Весы напольные,,,2009-43185-09.pdf
96703,59391-14,"Система автоматизированная информационно-измерительная коммерческого учета электроэнергии АИИС КУЭ ЕНЭС ПС 220 кВ ""Баррикадная""",,,2014-59391-14.pdf
96724,66265-16,Комплекс гониофотометрический,,,2016-66265-16.pdf
96773,78072-20,Резервуар стальной горизонтальный цилиндрический,,,2020-78072-20.pdf
96787,78097-20,"Система автоматизированная информационно-измерительная коммерческого учета электроэнергии (АИИС КУЭ) Первомайской ТЭЦ (ТЭЦ-14) филиала ""Невский"" ПАО ""ТГК-1""",,,2020-78097-20.pdf
96799,78044-20,Станции контроля загрязнения атмосферного воздуха автоматические,,,2020-78044-20.pdf
96868,78125-20,"Система автоматизированная информационно-измерительная коммерческого учета электроэнергии ООО ""Энергосбытовая компания ""Горкунов"" (ТК НСО-2)",,,2020-78125-20.pdf
96911,78042-20,Преобразователи термоэлектрические,,,2020-78042-20.pdf
96948,42978-09,"Система автоматизированная информационно-измерительная коммерческого учета электроэнергии и мощности ООО ""Тверь Водоканал"", г.Тверь",,,2020-42978-09.pdf
97143,60542-15,Трансформаторы напряжения емкостные,,,2020-60542-15.pdf
97150,78171-20,Резервуары вертикальные стальные цилиндрические,,,2020-78171-20.pdf
97156,45910-10,Расходомеры жидкости ультразвуковые,,,2020-45910-10.pdf
98243,82734-21,Весы автомобильные статические,,,2021-82734-21.pdf
98416,73301-18,Расходомеры-счетчики газа турбинные,,,2018-73301-18-1.pdf
98504,79208-20,Уровни строительные,,,2020-79208-20.pdf
98543,79291-20,Твердомеры стационарные Бринелля,,,2020-79291-20.pdf
98604,30815-05,Трансформатор напряжения эталонный мобильный,,,2005-30815-05.pdf
98954,44940-10,Имитаторы спутниковых навигационных систем,,,2021-44940-10.pdf
98971,43863-10,Анализаторы фазовых шумов и вариации Аллана,,,2021-43863-10.pdf
99764,69266-17,"Система автоматизированная информационно-измерительная коммерческого учета электроэнергии (АИИС КУЭ) ПС 220 кВ ""Ванино"" филиала ПАО ""ФСК ЕЭС"" - Хабаровского ПМЭС",,,2021-69266-17-1.pdf
